ENSEMBL;symbol;FoldChange;padj
ENSMUSG00000035186.6;Ubd;675.4699075;1.21975E-17
ENSMUSG00000079362.5;NA;459.4321552;8.02071E-10
ENSMUSG00000096764.1;Slc12a6;367.352192;1.36258E-13
ENSMUSG00000100235.8;NA;355.045921;4.11102E-10
ENSMUSG00000105096.1;Gbp10;272.3376402;2.32714E-67
ENSMUSG00000098950.7;NA;196.1689435;1.22367E-29
ENSMUSG00000023959.10;Clic5;192.8869048;9.25068E-29
ENSMUSG00000024245.4;Tmem178;191.0119687;5.50685E-16
ENSMUSG00000055170.4;Ifng;188.1975287;3.45735E-05
ENSMUSG00000107705.1;NA;164.5252038;0.004777864
ENSMUSG00000079363.7;Gbp4;128.0759027;3.94743E-08
ENSMUSG00000066363.12;Serpina3f;120.3663018;1.08195E-05
ENSMUSG00000027718.8;Il21;120.1637045;6.30688E-06
ENSMUSG00000026840.14;Lamc3;117.9766665;8.98459E-06
ENSMUSG00000004296.14;Il12b;114.7601258;1.01138E-05
ENSMUSG00000033576.12;Apol6;107.6044124;3.72117E-05
ENSMUSG00000054958.6;Nt5c1a;106.5777258;1.51045E-05
ENSMUSG00000044461.6;Shisa2;100.3095104;2.05184E-06
ENSMUSG00000094103.2;Fam177a2;93.95157267;0.016006052
ENSMUSG00000016283.13;H2-M2;92.59225708;1.95339E-22
ENSMUSG00000069893.10;9930111J21Rik1;90.58324114;1.12604E-11
ENSMUSG00000095648.7;Gm2004;88.23628262;2.82483E-11
ENSMUSG00000025006.18;Sorbs1;87.18952993;5.55848E-16
ENSMUSG00000078879.10;Zfp973;85.07002974;1.66746E-11
ENSMUSG00000026830.9;Ermn;78.2281338;5.15922E-12
ENSMUSG00000034898.17;Filip1;76.42078787;1.19805E-13
ENSMUSG00000049511.5;Htr1b;75.77835312;2.72537E-05
ENSMUSG00000105504.4;Gbp5;73.99789611;5.82178E-23
ENSMUSG00000049109.15;Themis;73.09112486;1.79094E-38
ENSMUSG00000019852.7;Arfgef3;69.34856608;6.27121E-07
ENSMUSG00000074500.11;Zfp558;67.79474207;1.97338E-59
ENSMUSG00000029417.9;Cxcl9;67.67434711;8.15312E-14
ENSMUSG00000018341.12;Il12rb2;64.62065165;8.5248E-26
ENSMUSG00000050395.8;Tnfsf15;61.64859806;3.35005E-15
ENSMUSG00000063531.7;Sema3e;61.19688152;9.58918E-05
ENSMUSG00000094410.8;NA;59.43949681;1.0195E-158
ENSMUSG00000079014.4;Serpina3i;58.41138129;8.64856E-05
ENSMUSG00000033792.12;Atp7a;53.87179143;6.4403E-145
ENSMUSG00000024529.14;Lox;50.38660882;6.92559E-27
ENSMUSG00000096054.3;Syne1;49.73095839;2.91398E-22
ENSMUSG00000078922.9;Tgtp1;49.30157578;0.000306552
ENSMUSG00000022754.6;Tmem45a;47.54155495;0.000108042
ENSMUSG00000078901.8;Gm14440;46.4685415;0.023874431
ENSMUSG00000047959.4;Kcna3;46.21017798;3.06656E-23
ENSMUSG00000040328.16;Olfr56;45.95287023;2.1953E-40
ENSMUSG00000020256.14;Aldh1l2;43.40588848;2.11713E-14
ENSMUSG00000033624.10;Pdpr;43.35077454;2.19527E-65
ENSMUSG00000004113.18;Cacna1b;40.82058726;2.45156E-17
ENSMUSG00000047562.3;Mmp10;40.57108753;2.8673E-14
ENSMUSG00000034997.5;Htr2a;40.40235038;3.4081E-10
ENSMUSG00000089756.2;Zfp966;39.51031759;9.58987E-16
ENSMUSG00000015316.11;Slamf1;38.71941833;2.21261E-49
ENSMUSG00000041481.17;Serpina3g;35.78028913;5.39491E-05
ENSMUSG00000027399.1;Il1a;34.83904377;1.10717E-23
ENSMUSG00000078886.12;Gm2026;34.3766129;9.92481E-08
ENSMUSG00000055030.1;Sprr2e;33.80575297;2.91122E-07
ENSMUSG00000089997.2;NA;32.98685899;0.000263363
ENSMUSG00000020427.11;Igfbp3;30.94373321;1.41985E-06
ENSMUSG00000039865.8;Slc44a3;30.64708163;0.000841207
ENSMUSG00000006958.14;Chrd;30.18497346;0.000104358
ENSMUSG00000032487.8;Ptgs2;29.89576785;2.10075E-37
ENSMUSG00000019817.18;Plagl1;29.6664023;5.41777E-07
ENSMUSG00000041324.14;Inhba;29.48948839;2.8969E-08
ENSMUSG00000034438.16;Gbp8;29.30913205;1.25278E-13
ENSMUSG00000021340.13;Gpld1;29.06978441;2.41798E-05
ENSMUSG00000018604.18;Tbx3;28.56668187;0.000790195
ENSMUSG00000019997.11;Ccn2;28.35751133;1.0736E-09
ENSMUSG00000078616.2;Trim30c;28.00583538;7.67358E-73
ENSMUSG00000020826.9;Nos2;27.83762567;3.03815E-17
ENSMUSG00000047898.7;Ccr4;27.573699;1.11633E-12
ENSMUSG00000021565.16;Slc6a19;27.40014166;1.02999E-61
ENSMUSG00000036306.13;Lzts1;27.36169449;0.000977794
ENSMUSG00000003153.10;Slc2a3;27.28735489;5.96592E-12
ENSMUSG00000028270.12;Gbp2;27.09955065;7.17255E-11
ENSMUSG00000005125.13;Ndrg1;25.78675665;5.01783E-09
ENSMUSG00000038011.15;Dnah10;25.63663879;0.000793198
ENSMUSG00000030806.6;Stx1b;25.4057872;2.88552E-17
ENSMUSG00000079625.2;Tm4sf19;25.06927193;1.39913E-17
ENSMUSG00000043727.5;F830045P16Rik;24.44978495;2.51146E-06
ENSMUSG00000038521.17;C1s1;24.04464895;1.30271E-35
ENSMUSG00000045868.12;Gvin1;23.99910481;1.75798E-57
ENSMUSG00000054072.12;Iigp1;22.54242089;3.78359E-07
ENSMUSG00000035594.10;Chrna5;22.41830845;2.23389E-10
ENSMUSG00000039841.14;Zfp800;21.80084085;1.6753E-177
ENSMUSG00000031433.15;Rbm41;21.54301872;4.70668E-25
ENSMUSG00000031551.12;Ido1;21.51500833;6.19804E-12
ENSMUSG00000068227.9;Il2rb;20.76007511;0.001686118
ENSMUSG00000005089.15;Slc1a2;20.71750838;2.57331E-05
ENSMUSG00000060716.7;Plekhh1;20.68871865;4.33651E-06
ENSMUSG00000016028.10;Celsr1;20.57861118;5.73205E-06
ENSMUSG00000027171.10;Prrg4;20.5259109;0.000267536
ENSMUSG00000074283.5;Zfp109;20.45418995;2.93547E-07
ENSMUSG00000078906.9;LOC105244402;20.39907155;1.52035E-05
ENSMUSG00000031596.15;Slc7a2;20.26006576;8.61299E-09
ENSMUSG00000020135.13;Apc2;20.187838;1.91807E-05
ENSMUSG00000033107.6;Rnf125;20.1147603;6.72483E-09
ENSMUSG00000055639.16;Dach1;20.0884084;9.32512E-39
ENSMUSG00000029207.16;Apbb2;19.81061208;1.8151E-41
ENSMUSG00000021256.5;Vash1;19.76081863;1.35675E-07
ENSMUSG00000027347.18;Rasgrp1;19.73204345;1.00754E-19
ENSMUSG00000044716.12;Dok7;19.57237525;0.00045909
ENSMUSG00000040253.15;Gbp7;19.57197485;5.67926E-12
ENSMUSG00000078921.3;Tgtp2;19.52272169;1.29172E-07
ENSMUSG00000052415.5;Tchh;19.47537714;3.12794E-12
ENSMUSG00000022661.14;Cd200;19.32626535;2.19209E-63
ENSMUSG00000051149.15;Adnp;19.28468609;1.71094E-05
ENSMUSG00000055737.12;Ghr;19.12464331;0.000101665
ENSMUSG00000031132.1;Cd40lg;19.01233531;0.00013755
ENSMUSG00000031227.8;Magee1;18.63080608;3.02236E-41
ENSMUSG00000046318.16;Ccbe1;18.44120257;0.003191083
ENSMUSG00000026042.16;Col5a2;18.36391586;2.72011E-27
ENSMUSG00000065947.3;ND4L;18.34279584;1.49594E-13
ENSMUSG00000072676.12;Tmem254a;17.85155039;0.000133369
ENSMUSG00000094786.1;NA;17.63422878;5.32789E-18
ENSMUSG00000003282.9;Plag1;17.50036495;5.2943E-05
ENSMUSG00000015709.9;Arnt2;17.25022532;0.000190121
ENSMUSG00000021367.8;Edn1;17.14298694;1.11481E-09
ENSMUSG00000054555.11;Adam12;17.10562409;0.002482742
ENSMUSG00000041773.8;Enc1;17.01424389;5.53153E-27
ENSMUSG00000020599.13;Rgs9;16.9513332;3.12962E-11
ENSMUSG00000003657.9;Calb2;16.90482032;5.87779E-05
ENSMUSG00000031626.18;Sorbs2;16.86623377;0.004636924
ENSMUSG00000034227.7;Foxj1;16.86149144;6.42864E-07
ENSMUSG00000016496.7;Cd274;16.8442236;8.00194E-57
ENSMUSG00000022425.16;Enpp2;16.81576208;6.72639E-13
ENSMUSG00000034855.13;Cxcl10;16.7382026;1.71748E-11
ENSMUSG00000049723.14;Mmp12;16.72453524;2.11777E-17
ENSMUSG00000019851.8;Perp;16.64673433;0.000124714
ENSMUSG00000032086.12;Bace1;16.52506916;6.84367E-06
ENSMUSG00000050578.10;Mmp13;16.23721747;1.75575E-12
ENSMUSG00000031762.7;Mt2;16.21932591;6.78812E-17
ENSMUSG00000061186.15;Sfmbt2;16.16557075;1.20923E-15
ENSMUSG00000036256.13;Igfbp7;16.03520717;6.93865E-12
ENSMUSG00000050954.15;Zfp169;16.01391516;2.15126E-12
ENSMUSG00000033581.17;Igf2bp2;15.96166332;9.58914E-24
ENSMUSG00000024402.5;Lta;15.93869568;5.00469E-05
ENSMUSG00000045441.5;Gprin3;15.90344294;0.001310281
ENSMUSG00000029108.14;Pcdh7;15.8411639;3.18073E-07
ENSMUSG00000033213.16;AA467197;15.70449681;5.1372E-06
ENSMUSG00000058420.8;Syt17;15.61096161;1.08929E-09
ENSMUSG00000068263.11;Efcc1;15.56421116;2.74792E-09
ENSMUSG00000032024.10;Clmp;15.5066847;1.02588E-05
ENSMUSG00000049804.9;Armcx4;15.48768347;1.33724E-30
ENSMUSG00000029298.15;Gbp9;15.44625367;3.87129E-10
ENSMUSG00000033174.17;Mgll;15.22485871;0.000346424
ENSMUSG00000049093.9;Il23r;15.04193013;3.53076E-05
ENSMUSG00000036381.13;P2ry14;15.00059677;1.03473E-36
ENSMUSG00000028033.16;Kcnq5;14.94210157;0.000732946
ENSMUSG00000032688.9;Malt1;14.90738816;2.21544E-86
ENSMUSG00000076867.2;NA;14.90571906;5.63259E-06
ENSMUSG00000045932.12;Ifit2;14.90188459;2.85326E-10
ENSMUSG00000030406.7;Gipr;14.76434865;1.52697E-07
ENSMUSG00000043811.5;Rtn4r;14.57932246;0.007708172
ENSMUSG00000024401.14;Tnf;14.10670666;1.38647E-11
ENSMUSG00000027962.14;Vcam1;14.02811641;1.19127E-25
ENSMUSG00000037202.6;Prf1;14.02238729;0.00171816
ENSMUSG00000045322.10;Tlr9;13.89409609;5.10938E-13
ENSMUSG00000033967.4;Rnf225;13.86819254;2.81632E-09
ENSMUSG00000026068.11;Il18rap;13.80310719;9.16542E-08
ENSMUSG00000035385.5;Ccl2;13.74694775;3.45246E-05
ENSMUSG00000030167.15;Klrc1;13.73635719;0.000748509
ENSMUSG00000078869.2;NA;13.63148936;4.61724E-09
ENSMUSG00000070348.5;Ccnd1;13.61290948;4.62057E-05
ENSMUSG00000020395.13;Itk;13.54552447;0.000221834
ENSMUSG00000023927.15;Satb1;13.4947643;2.04121E-06
ENSMUSG00000064367.1;ND5;13.40230288;1.17935E-12
ENSMUSG00000042379.8;Esm1;13.34481325;0.006653614
ENSMUSG00000041649.13;Klf8;13.27996776;3.45299E-13
ENSMUSG00000044005.13;Gls2;13.2708789;0.000316292
ENSMUSG00000030500.6;Slc17a6;13.13630344;0.017350966
ENSMUSG00000028517.8;Plpp3;13.12732502;5.72823E-12
ENSMUSG00000104713.4;Gbp6;13.04879779;1.04652E-22
ENSMUSG00000090942.1;F830016B08Rik;13.01585508;1.60869E-11
ENSMUSG00000074715.3;Ccl28;12.9516643;0.000172812
ENSMUSG00000043036.13;Ccdc63;12.92305432;3.84391E-05
ENSMUSG00000023274.14;Cd4;12.8281728;2.09761E-05
ENSMUSG00000009281.6;Rarres2;12.71734613;1.00051E-05
ENSMUSG00000014164.15;Klhl3;12.60001793;0.000127893
ENSMUSG00000048376.6;F2r;12.593978;0.000175776
ENSMUSG00000024486.6;Hbegf;12.59095306;2.37534E-21
ENSMUSG00000049971.17;Glt1d1;12.54522877;0.00025638
ENSMUSG00000015437.5;Gzmb;12.5176668;0.013487707
ENSMUSG00000045392.8;Olfr1033;12.45102238;4.8505E-136
ENSMUSG00000037712.16;Fermt2;12.38568917;0.000142749
ENSMUSG00000037771.11;Slc32a1;12.36255264;0.001078845
ENSMUSG00000001444.2;Tbx21;12.34743351;0.000248222
ENSMUSG00000026228.6;Htr2b;12.29197246;1.00014E-10
ENSMUSG00000036117.2;Il5;12.23791922;5.74952E-05
ENSMUSG00000046186.8;Cd109;12.21565184;4.19075E-09
ENSMUSG00000023328.14;Ache;12.20225394;0.000448039
ENSMUSG00000027204.13;Fbn1;12.10609143;4.2136E-07
ENSMUSG00000028364.15;Tnc;12.08165956;3.32327E-05
ENSMUSG00000034028.16;Cd226;12.01268907;0.000330014
ENSMUSG00000038473.14;Nos1ap;11.92359113;2.67222E-05
ENSMUSG00000035373.2;Ccl7;11.88546502;1.05628E-05
ENSMUSG00000030616.16;Sytl2;11.83528264;0.000183566
ENSMUSG00000028654.13;Mycl;11.70515283;0.00042982
ENSMUSG00000022464.14;Slc38a4;11.70380342;0.000142425
ENSMUSG00000054293.10;P2ry10b;11.67637278;2.26799E-62
ENSMUSG00000028518.8;Prkaa2;11.64996428;0.002112784
ENSMUSG00000020646.17;Mboat2;11.59767287;9.62728E-06
ENSMUSG00000033470.12;Cysltr2;11.56835916;2.46071E-15
ENSMUSG00000092021.8;Gbp11;11.54501769;3.2646E-08
ENSMUSG00000003882.5;Il7r;11.47024017;2.19189E-10
ENSMUSG00000040284.4;Gzmg;11.39741595;0.015247481
ENSMUSG00000034570.12;Inpp5j;11.37046795;2.70906E-12
ENSMUSG00000028268.14;Gbp3;11.19887344;6.82954E-09
ENSMUSG00000047884.6;Klk9;11.03645961;7.46335E-05
ENSMUSG00000056832.14;Ttc26;11.01989897;7.1492E-08
ENSMUSG00000000791.9;Il12rb1;10.94606243;5.87785E-07
ENSMUSG00000043099.4;Hic1;10.83826009;7.99331E-19
ENSMUSG00000054720.12;Lrrc8c;10.79494973;6.1907E-101
ENSMUSG00000027340.15;Slc23a2;10.74478339;7.38359E-28
ENSMUSG00000022156.8;Gzme;10.66928156;0.026086852
ENSMUSG00000026779.6;Mastl;10.64828609;6.39092E-07
ENSMUSG00000037172.14;E330009J07Rik;10.6221314;5.02089E-56
ENSMUSG00000026770.5;Il2ra;10.61203414;1.48595E-05
ENSMUSG00000025555.14;Farp1;10.58546538;2.45668E-05
ENSMUSG00000026011.13;Ctla4;10.54348882;8.3024E-07
ENSMUSG00000009376.15;Met;10.50056349;0.000116151
ENSMUSG00000047414.6;Flrt2;10.46780806;4.64363E-09
ENSMUSG00000042385.14;Gzmk;10.33026698;0.005026923
ENSMUSG00000029204.7;Rhoh;10.28677254;8.7164E-24
ENSMUSG00000042744.16;Hectd4;10.05660903;9.97879E-54
ENSMUSG00000036676.14;Tmtc3;10.01411387;0.000222735
ENSMUSG00000068129.5;Cst7;10.00733535;0.000112066
ENSMUSG00000015850.11;Adamtsl4;9.989708383;1.99118E-08
ENSMUSG00000026070.15;Il18r1;9.956783281;4.3175E-07
ENSMUSG00000048732.5;Klhl11;9.912025777;8.90121E-09
ENSMUSG00000031530.6;Dusp4;9.901417766;8.89666E-17
ENSMUSG00000023224.12;Serping1;9.883330285;0.000142143
ENSMUSG00000033458.17;Fan1;9.867868051;2.09723E-17
ENSMUSG00000078606.8;Gm4070;9.829264772;7.36997E-17
ENSMUSG00000015533.9;Itga2;9.827597954;3.08147E-06
ENSMUSG00000022408.7;Fam83f;9.735272855;0.002018208
ENSMUSG00000034612.7;Chst11;9.712082833;5.71155E-19
ENSMUSG00000040274.11;Cdk6;9.69721857;6.36789E-11
ENSMUSG00000039384.8;Dusp10;9.661372886;3.47317E-26
ENSMUSG00000044017.16;Adgrd1;9.651828311;0.005175578
ENSMUSG00000099294.1;NA;9.631393969;1.68221E-09
ENSMUSG00000029798.11;Herc6;9.608441819;1.22367E-29
ENSMUSG00000053318.7;Slamf8;9.595173584;1.31679E-15
ENSMUSG00000021466.12;Ptch1;9.545528163;2.41474E-15
ENSMUSG00000020674.17;Pxdn;9.54142541;0.008649986
ENSMUSG00000024124.10;Prss30;9.52420586;0.000757491
ENSMUSG00000042345.15;Ubash3a;9.490194708;5.37544E-09
ENSMUSG00000032776.9;Mctp2;9.313321849;2.11713E-13
ENSMUSG00000020340.16;Cyfip2;9.297901445;3.83088E-16
ENSMUSG00000026829.9;Gbgt1;9.281026378;1.3563E-29
ENSMUSG00000027281.16;Slx4ip;9.262465205;7.73489E-54
ENSMUSG00000048911.15;Rnf24;9.209162747;2.71835E-24
ENSMUSG00000071716.5;Apol7e;9.185687775;7.52083E-06
ENSMUSG00000028927.6;Padi2;9.165962818;2.44497E-10
ENSMUSG00000001506.10;Col1a1;9.158364522;1.76111E-06
ENSMUSG00000056427.10;Slit3;9.157205604;0.001234414
ENSMUSG00000024043.13;Arhgap28;9.071113063;3.74123E-33
ENSMUSG00000045827.10;Serpinb9;9.057605832;2.38317E-11
ENSMUSG00000038295.14;Atg9b;9.039083582;2.2215E-06
ENSMUSG00000002578.18;Ikzf4;8.979455663;0.001746273
ENSMUSG00000054057.2;A930004D18Rik;8.972685683;0.000187661
ENSMUSG00000022034.10;Esco2;8.961155984;0.002283424
ENSMUSG00000079563.10;Pglyrp2;8.944001611;0.002780008
ENSMUSG00000041957.15;Pkp2;8.912909608;0.000169727
ENSMUSG00000036446.5;Lum;8.889344767;0.00499589
ENSMUSG00000025790.14;Slco3a1;8.877481473;1.28384E-07
ENSMUSG00000054263.12;Lifr;8.808000546;1.48049E-10
ENSMUSG00000037820.15;Tgm2;8.797167767;3.44909E-95
ENSMUSG00000050440.8;Hamp;8.746782724;0.00012119
ENSMUSG00000030231.11;Plekha5;8.728998147;4.69597E-13
ENSMUSG00000004098.7;Col5a3;8.688962833;0.003876502
ENSMUSG00000027199.14;Gatm;8.688470023;8.21508E-09
ENSMUSG00000011256.16;Adam19;8.564651083;3.58811E-05
ENSMUSG00000028362.2;Tnfsf8;8.554922975;1.51862E-16
ENSMUSG00000022441.17;Efcab6;8.545031604;0.02099569
ENSMUSG00000053977.13;Cd8a;8.533547651;2.81711E-05
ENSMUSG00000078898.9;Zfp968;8.503820345;1.09783E-09
ENSMUSG00000048490.14;Nrip1;8.437213947;9.85377E-62
ENSMUSG00000024968.14;Rcor2;8.435597905;2.9457E-05
ENSMUSG00000005580.11;Adcy9;8.360038001;1.2893E-21
ENSMUSG00000021822.3;Plau;8.346849285;2.75742E-11
ENSMUSG00000032845.16;Alpk2;8.344814215;1.82276E-06
ENSMUSG00000022696.17;Sidt1;8.305036306;0.002765386
ENSMUSG00000057969.15;Sema3b;8.296024971;0.001533894
ENSMUSG00000039232.12;Stx11;8.241595026;3.5592E-32
ENSMUSG00000024074.8;Crim1;8.180688937;1.82486E-47
ENSMUSG00000022893.14;Adamts1;8.164155526;0.004843302
ENSMUSG00000074417.9;Pira11;8.164073523;7.08989E-32
ENSMUSG00000073016.3;Uprt;8.087104562;4.63951E-16
ENSMUSG00000021675.4;F2rl2;8.078688639;0.005337153
ENSMUSG00000082976.10;Gm15056;8.029320048;4.40616E-07
ENSMUSG00000030772.6;Dkk3;8.028076467;0.000724
ENSMUSG00000048251.15;Bcl11b;8.021375583;0.000192633
ENSMUSG00000031016.9;Wee1;7.979022807;8.0177E-13
ENSMUSG00000078810.4;Gp6;7.917294106;0.000233044
ENSMUSG00000020183.11;Cpm;7.912425322;0.004308847
ENSMUSG00000027075.16;Slc43a1;7.909059916;0.000305859
ENSMUSG00000023984.17;Gm20517;7.898295299;0.007036349
ENSMUSG00000037795.14;N4bp2;7.893072704;5.09154E-61
ENSMUSG00000057230.14;Aak1;7.875921813;2.84665E-34
ENSMUSG00000020641.16;Rsad2;7.867513734;2.33153E-09
ENSMUSG00000022687.12;Boc;7.789863569;2.23464E-08
ENSMUSG00000039470.15;Zdhhc2;7.788277382;0.000906177
ENSMUSG00000029648.13;Flt1;7.77822769;7.51955E-07
ENSMUSG00000068699.12;Flnc;7.763792882;2.17692E-05
ENSMUSG00000028403.15;Zdhhc21;7.748332676;4.84554E-26
ENSMUSG00000021266.16;Wars;7.728678648;2.65591E-73
ENSMUSG00000031375.17;Bgn;7.705133254;0.000106752
ENSMUSG00000028195.4;Ccn1;7.680704002;1.38761E-05
ENSMUSG00000025757.13;Hspa4l;7.680299788;2.77357E-35
ENSMUSG00000090100.7;Ttbk2;7.674161643;1.25335E-11
ENSMUSG00000055013.16;Agap1;7.673157565;3.86289E-18
ENSMUSG00000028718.16;Stil;7.617140217;0.0003147
ENSMUSG00000000817.10;Fasl;7.59349386;0.000646001
ENSMUSG00000022246.14;Rai14;7.588780106;8.8954E-94
ENSMUSG00000030084.11;Plxna1;7.572009618;7.28446E-16
ENSMUSG00000074345.4;Tnfaip8l3;7.556718709;0.01504503
ENSMUSG00000059901.12;Adamts14;7.510336587;1.20531E-05
ENSMUSG00000090093.8;Gm14393;7.507024435;0.000169641
ENSMUSG00000022584.14;Ly6c2;7.498698062;0.000917067
ENSMUSG00000025019.17;Lcor;7.45912306;7.6951E-42
ENSMUSG00000046794.9;Ppp1r3b;7.444486764;4.09975E-29
ENSMUSG00000004961.7;Syt5;7.441615126;0.000750276
ENSMUSG00000032380.9;Dapk2;7.428925126;7.39933E-05
ENSMUSG00000069892.9;9930111J21Rik2;7.406287109;9.06392E-16
ENSMUSG00000076928.5;NA;7.362653684;0.003472061
ENSMUSG00000028434.12;Epb41l4b;7.346928467;0.002537451
ENSMUSG00000016494.9;Cd34;7.328285434;2.80116E-05
ENSMUSG00000028634.17;Hivep3;7.319341351;2.05598E-12
ENSMUSG00000064356.3;ATP8;7.293522343;0.000120292
ENSMUSG00000055480.7;Zfp458;7.292567029;5.18596E-06
ENSMUSG00000037280.12;Galnt6;7.250986463;2.92628E-12
ENSMUSG00000032356.12;Rasgrf1;7.240246928;5.50891E-10
ENSMUSG00000024670.17;Cd6;7.20597748;0.004176462
ENSMUSG00000027254.13;Map1a;7.205294546;0.004474068
ENSMUSG00000020399.14;Havcr2;7.196652192;0.005100658
ENSMUSG00000005802.12;Slc30a4;7.195006623;3.14716E-18
ENSMUSG00000052539.15;Magi3;7.173736177;5.66054E-17
ENSMUSG00000033029.12;1700088E04Rik;7.1263121;1.94114E-05
ENSMUSG00000034579.17;Pla2g3;7.100619228;0.00022958
ENSMUSG00000030257.16;Srgap3;7.080494349;5.66054E-17
ENSMUSG00000036053.17;Fmnl2;7.079691426;1.74975E-12
ENSMUSG00000043310.4;Olfr571;7.058606966;3.2827E-08
ENSMUSG00000034297.14;Med13;7.048529759;2.38824E-27
ENSMUSG00000053877.12;Srcap;7.045001753;4.41117E-26
ENSMUSG00000035778.17;Ggta1;7.022428201;3.13975E-35
ENSMUSG00000020439.17;Smtn;6.971316681;1.00367E-17
ENSMUSG00000047415.12;Gpr68;6.96097636;1.8662E-10
ENSMUSG00000078853.8;Igtp;6.957774398;3.47528E-05
ENSMUSG00000019971.10;Cep290;6.956847282;0.000443985
ENSMUSG00000020656.16;Grhl1;6.907577496;1.94777E-05
ENSMUSG00000060798.7;Intu;6.899211817;6.93011E-20
ENSMUSG00000045667.14;Smtnl2;6.896858806;9.44993E-07
ENSMUSG00000020592.14;Sdc1;6.893461244;4.00733E-08
ENSMUSG00000032841.15;Prr5l;6.86075081;2.5244E-07
ENSMUSG00000003119.14;Cdk12;6.820218741;1.28979E-30
ENSMUSG00000026483.13;Fam129a;6.818067693;4.75678E-20
ENSMUSG00000026009.14;Icos;6.813795661;0.007002556
ENSMUSG00000002900.16;Lamb1;6.809661734;0.008450857
ENSMUSG00000029661.16;Col1a2;6.792792149;7.65298E-09
ENSMUSG00000034311.3;Kif4;6.783216823;0.001614711
ENSMUSG00000064363.1;ND4;6.780355776;1.55155E-08
ENSMUSG00000054469.14;Lclat1;6.770293591;1.37874E-08
ENSMUSG00000026980.15;Ly75;6.766052512;5.02089E-56
ENSMUSG00000041684.11;Bivm;6.762164345;1.69081E-11
ENSMUSG00000048385.9;Scrt1;6.753868158;0.001558972
ENSMUSG00000053007.9;Creb5;6.728962927;4.18203E-20
ENSMUSG00000037999.13;Arap2;6.723353995;2.64874E-16
ENSMUSG00000034308.13;Sdr42e1;6.716758445;1.42195E-07
ENSMUSG00000110139.1;NA;6.709655047;4.07534E-06
ENSMUSG00000014498.9;Ankrd52;6.706053968;4.27042E-28
ENSMUSG00000078870.9;Gm14410;6.700964417;3.7813E-16
ENSMUSG00000042351.9;Grap2;6.680965393;0.005550037
ENSMUSG00000054675.5;Tmem119;6.680310728;0.001583288
ENSMUSG00000020841.5;Cpd;6.66514896;1.43501E-05
ENSMUSG00000050896.12;Rtn4rl2;6.653657649;9.58743E-09
ENSMUSG00000029263.15;Pigg;6.647402939;6.32734E-45
ENSMUSG00000019726.12;Lyst;6.621317265;0.000193036
ENSMUSG00000041798.15;Gck;6.61202287;0.002945243
ENSMUSG00000027200.17;Sema6d;6.576325065;2.7502E-07
ENSMUSG00000022504.10;Ciita;6.572908336;1.79617E-13
ENSMUSG00000028919.11;Arhgef19;6.572609562;0.000152319
ENSMUSG00000038037.5;Socs1;6.552576597;0.003511983
ENSMUSG00000028527.18;Ak4;6.54102003;2.22874E-14
ENSMUSG00000038179.13;Slamf7;6.519234771;4.71448E-06
ENSMUSG00000070501.14;Ifi214;6.515897389;7.62753E-05
ENSMUSG00000031583.13;Wrn;6.473942429;4.34839E-49
ENSMUSG00000029304.14;Spp1;6.444788451;0.002764279
ENSMUSG00000020189.15;Osbpl8;6.433773221;2.40391E-12
ENSMUSG00000006342.15;Susd2;6.430200414;0.004493993
ENSMUSG00000045777.14;Ifitm10;6.42542541;1.64886E-10
ENSMUSG00000091405.2;H4c14;6.423821251;0.008728471
ENSMUSG00000074519.11;Zfp971;6.420894687;3.2442E-15
ENSMUSG00000025969.15;Nrp2;6.414651731;4.37064E-15
ENSMUSG00000004791.7;Pgf;6.397650843;0.010187098
ENSMUSG00000027030.15;Stk39;6.396767602;1.45386E-05
ENSMUSG00000073008.11;Gpr174;6.388358923;0.007872557
ENSMUSG00000031871.9;Cdh5;6.381478312;0.003163506
ENSMUSG00000039699.14;Batf2;6.363560133;4.04663E-06
ENSMUSG00000029875.5;Ccdc184;6.360226309;9.70821E-05
ENSMUSG00000020300.14;Cpeb4;6.339388133;1.40843E-08
ENSMUSG00000003032.8;Klf4;6.333725141;2.93039E-07
ENSMUSG00000020689.4;Itgb3;6.325399861;0.001512387
ENSMUSG00000096916.7;Zfp850;6.308381694;1.02107E-05
ENSMUSG00000048852.13;Gm12185;6.303693387;9.33806E-10
ENSMUSG00000075270.11;Pde11a;6.294748651;0.011995243
ENSMUSG00000034422.14;Parp14;6.293201681;1.67839E-76
ENSMUSG00000053931.11;Cnn3;6.287660161;1.25527E-16
ENSMUSG00000010051.15;Hyal1;6.286996104;5.5279E-06
ENSMUSG00000042268.10;Slc26a9;6.285299283;2.59337E-05
ENSMUSG00000040133.2;Gpr176;6.284827796;0.00674337
ENSMUSG00000100679.1;NA;6.272585572;0.032075696
ENSMUSG00000033450.8;Tagap;6.237770232;4.73953E-21
ENSMUSG00000027611.12;Procr;6.219941056;1.37602E-08
ENSMUSG00000071552.5;Tigit;6.216738014;0.012806718
ENSMUSG00000051413.17;Plagl2;6.20280687;4.26921E-18
ENSMUSG00000074867.4;Zfp808;6.201251253;2.10633E-06
ENSMUSG00000018899.16;Irf1;6.185124029;4.56497E-10
ENSMUSG00000069874.7;Irgm2;6.180192748;2.42478E-08
ENSMUSG00000024085.13;Man2a1;6.176135562;5.4744E-41
ENSMUSG00000073555.1;Gm4951;6.165020287;8.22412E-11
ENSMUSG00000049488.14;Tmem67;6.153155926;1.31741E-16
ENSMUSG00000055976.6;Cldn23;6.150290722;0.017119455
ENSMUSG00000040351.11;Ankib1;6.148295941;2.65423E-63
ENSMUSG00000031709.15;Tbc1d9;6.142278326;2.07463E-26
ENSMUSG00000060206.11;Zfp462;6.141575578;0.016988009
ENSMUSG00000018796.13;Acsl1;6.123358772;4.69321E-12
ENSMUSG00000030114.8;Klrg1;6.104793271;0.022951456
ENSMUSG00000020044.13;Timp3;6.085450451;0.000378061
ENSMUSG00000038128.7;Camk4;6.076115849;0.007966633
ENSMUSG00000030789.9;Itgax;6.071132739;3.38719E-31
ENSMUSG00000049502.17;Dtx3l;6.063715143;1.58483E-25
ENSMUSG00000054150.12;Syne3;6.058558866;7.28052E-08
ENSMUSG00000078878.9;Gm14432;6.057637185;3.35755E-20
ENSMUSG00000016529.5;Il10;6.048438674;0.004512976
ENSMUSG00000063894.15;Zkscan8;6.048270107;9.93979E-16
ENSMUSG00000035133.9;Arhgap5;6.046027104;1.88039E-10
ENSMUSG00000021824.13;Ap3m1;6.044365745;6.71362E-28
ENSMUSG00000026475.7;Rgs16;6.02877727;0.011889247
ENSMUSG00000032740.16;Ccdc88a;6.025476412;2.26328E-12
ENSMUSG00000022802.2;Lmln;6.012404008;3.92422E-10
ENSMUSG00000032410.13;Xrn1;6.011821211;1.25372E-16
ENSMUSG00000043331.6;Olfr975;6.007564863;2.90462E-06
ENSMUSG00000035107.13;Dcbld2;6.007047493;2.78415E-09
ENSMUSG00000000627.15;Sema4f;5.982351813;0.00551714
ENSMUSG00000022126.6;Acod1;5.968732889;2.2474E-07
ENSMUSG00000064128.8;Cenpj;5.96150064;5.28026E-24
ENSMUSG00000021253.7;Tgfb3;5.961146177;0.006156834
ENSMUSG00000032561.15;Acpp;5.957914368;1.5307E-31
ENSMUSG00000023341.15;Mx2;5.957412315;1.10648E-16
ENSMUSG00000051378.10;Kif18b;5.933711551;0.022194355
ENSMUSG00000048126.16;Col6a3;5.907271324;0.002472155
ENSMUSG00000051065.9;Mb21d2;5.885982311;0.001008587
ENSMUSG00000027641.13;Rbl1;5.879890441;1.44634E-60
ENSMUSG00000037411.10;Serpine1;5.863292064;1.1822E-08
ENSMUSG00000037613.16;Tnfrsf23;5.854305399;4.03235E-12
ENSMUSG00000020422.14;Tns3;5.848684499;5.51533E-36
ENSMUSG00000062232.14;Rapgef2;5.828820656;8.78379E-33
ENSMUSG00000037477.8;Tbx10;5.825392175;2.09105E-05
ENSMUSG00000022305.13;Lrp12;5.815535949;3.29176E-10
ENSMUSG00000033730.4;Egr3;5.811596166;5.79916E-09
ENSMUSG00000009207.15;Lnpk;5.807010575;0.000321851
ENSMUSG00000037242.8;Clic4;5.7986978;2.06332E-26
ENSMUSG00000027646.15;Src;5.798041157;0.001106718
ENSMUSG00000045328.11;Cenpe;5.792877967;0.000455547
ENSMUSG00000032532.7;Cck;5.778775787;0.014318369
ENSMUSG00000026249.10;Serpine2;5.774537283;0.000730083
ENSMUSG00000043953.12;Ccrl2;5.768642113;0.000386478
ENSMUSG00000022180.7;Slc7a8;5.762703028;6.3213E-08
ENSMUSG00000042064.13;Myo3b;5.753991629;0.001738265
ENSMUSG00000022015.8;Tnfsf11;5.737157807;0.019238824
ENSMUSG00000026104.14;Stat1;5.734774111;0.000308572
ENSMUSG00000060724.2;Vmn1r47;5.731068047;5.19383E-08
ENSMUSG00000032011.5;Thy1;5.729409075;0.011536349
ENSMUSG00000034987.4;Hrh2;5.726568979;3.80329E-06
ENSMUSG00000048327.6;Ckap2l;5.725559258;3.63799E-05
ENSMUSG00000036564.17;Ndrg4;5.72416861;0.034727116
ENSMUSG00000046711.16;Hmga1;5.721247355;2.64565E-10
ENSMUSG00000046610.15;Oacyl;5.705595698;1.2341E-05
ENSMUSG00000050022.16;Amz1;5.673160268;4.6712E-05
ENSMUSG00000046879.7;Irgm1;5.670526148;2.03809E-12
ENSMUSG00000045502.6;Hcar2;5.669781897;6.42706E-17
ENSMUSG00000039899.5;Fgl2;5.667491611;2.54921E-11
ENSMUSG00000042842.11;Serpinb6b;5.659616214;6.91221E-09
ENSMUSG00000038764.14;Ptpn3;5.644692797;0.000288535
ENSMUSG00000027562.12;Car2;5.640885799;0.000431639
ENSMUSG00000022811.17;Zfp148;5.635022588;2.83119E-35
ENSMUSG00000040511.14;Pvr;5.62713219;2.35191E-29
ENSMUSG00000026276.20;Sept2;5.626591044;1.10839E-08
ENSMUSG00000048521.8;Cxcr6;5.612400579;0.010110843
ENSMUSG00000031673.6;Cdh11;5.597434721;3.80784E-11
ENSMUSG00000039238.6;Zfp750;5.596786188;0.009842148
ENSMUSG00000041831.16;Sytl3;5.5809062;0.009055448
ENSMUSG00000060594.6;Layn;5.578117936;7.82345E-07
ENSMUSG00000002068.16;Ccne1;5.550599392;2.54432E-11
ENSMUSG00000052942.13;Glis3;5.550144778;6.97904E-07
ENSMUSG00000026069.15;Il1rl1;5.549995019;0.000202323
ENSMUSG00000025912.16;Mybl1;5.539918833;0.002306127
ENSMUSG00000019699.16;Akt3;5.532859629;7.89762E-09
ENSMUSG00000024533.17;Spire1;5.530407213;3.82791E-17
ENSMUSG00000070336.3;Fbxo47;5.529641397;0.00922244
ENSMUSG00000058163.14;Gm5431;5.524469174;1.58155E-21
ENSMUSG00000041153.9;Osgin2;5.495919961;3.32599E-44
ENSMUSG00000037849.8;Ifi206;5.474250334;8.36349E-08
ENSMUSG00000029104.15;Htt;5.472722372;1.28505E-13
ENSMUSG00000038963.15;Slco4a1;5.472473033;0.000455624
ENSMUSG00000035476.9;Tab3;5.462622228;2.02471E-31
ENSMUSG00000041147.10;Brca2;5.446685329;0.000206688
ENSMUSG00000030029.14;Lrig1;5.416904678;0.005476207
ENSMUSG00000004105.8;Angptl2;5.415441496;4.00319E-05
ENSMUSG00000031592.10;Pcm1;5.407970169;7.39363E-18
ENSMUSG00000020413.11;Hus1;5.402726361;6.09473E-05
ENSMUSG00000001998.15;Ap4e1;5.378573274;1.08496E-18
ENSMUSG00000023809.10;Rps6ka2;5.374133967;3.92519E-07
ENSMUSG00000057706.7;Mex3b;5.363324547;4.02313E-11
ENSMUSG00000020709.15;Adap2;5.356344658;3.25663E-11
ENSMUSG00000029992.14;Gfpt1;5.344134271;2.25358E-10
ENSMUSG00000028583.14;Pdpn;5.328686506;0.000344423
ENSMUSG00000038119.15;Cdon;5.326319194;1.73132E-06
ENSMUSG00000036225.15;Kctd1;5.326259239;0.000642042
ENSMUSG00000057181.15;5730455P16Rik;5.319567834;2.38898E-11
ENSMUSG00000072494.7;Ppp1r3e;5.302179055;2.7576E-09
ENSMUSG00000079038.3;D130040H23Rik;5.298657273;0.002154406
ENSMUSG00000025076.11;Casp7;5.273569418;9.59709E-38
ENSMUSG00000050677.2;Ccdc96;5.260668711;0.006124851
ENSMUSG00000040524.9;Zfp609;5.247538966;1.35037E-34
ENSMUSG00000032515.8;Csrnp1;5.244758173;1.56642E-11
ENSMUSG00000015501.10;Hivep2;5.239685201;7.54953E-10
ENSMUSG00000030584.14;Dpf1;5.235470237;0.013084968
ENSMUSG00000026981.15;Il1rn;5.234150954;1.8914E-05
ENSMUSG00000007817.15;Zmiz1;5.231043354;2.6717E-09
ENSMUSG00000039496.8;Cdnf;5.213596158;0.002179019
ENSMUSG00000048285.9;Frmd6;5.2125302;6.56075E-20
ENSMUSG00000039157.12;Fam102a;5.20218313;2.27054E-17
ENSMUSG00000064345.1;ND2;5.200385206;4.40474E-07
ENSMUSG00000021929.9;Kpna3;5.198404898;1.43547E-11
ENSMUSG00000029378.5;Areg;5.187274216;0.024672469
ENSMUSG00000028894.18;Inpp5b;5.174534914;4.6299E-48
ENSMUSG00000048120.16;Entpd1;5.170448505;6.26597E-26
ENSMUSG00000043336.14;Filip1l;5.165612183;7.33142E-09
ENSMUSG00000057530.14;Ece1;5.148920131;1.67547E-08
ENSMUSG00000090622.1;A930033H14Rik;5.144376349;6.12605E-06
ENSMUSG00000001542.7;Ell2;5.144047175;3.03729E-07
ENSMUSG00000073791.12;Efcab7;5.141213343;0.011782082
ENSMUSG00000026117.10;Zap70;5.140971581;0.006594918
ENSMUSG00000045291.8;E330021D16Rik;5.140074309;1.08981E-05
ENSMUSG00000027002.13;Nckap1;5.130338623;1.19765E-06
ENSMUSG00000055305.15;Zfp93;5.122715071;0.000929874
ENSMUSG00000020100.15;Slc29a3;5.119951656;3.75411E-10
ENSMUSG00000074419.11;Gm15448;5.119715258;3.68178E-12
ENSMUSG00000022505.9;Emp2;5.118770514;0.000207005
ENSMUSG00000037458.15;Azin1;5.115981395;1.98322E-48
ENSMUSG00000028763.18;Hspg2;5.078441244;5.80303E-18
ENSMUSG00000017314.12;Mpp2;5.072459621;0.010826993
ENSMUSG00000042333.16;Tnfrsf14;5.071081148;5.38916E-10
ENSMUSG00000031503.13;Col4a2;5.064560105;2.10519E-05
ENSMUSG00000021188.14;Trip11;5.038993434;3.57721E-44
ENSMUSG00000026821.16;Ralgds;5.032627736;6.22165E-17
ENSMUSG00000071311.2;Gpr31b;5.032079226;0.009171722
ENSMUSG00000054892.14;Txk;5.021979465;0.000109966
ENSMUSG00000028602.12;Tnfrsf8;5.01622631;5.06328E-08
ENSMUSG00000033411.16;Ctdspl2;5.014902889;3.29077E-34
ENSMUSG00000039087.17;Rreb1;5.00799519;2.05623E-09
ENSMUSG00000027508.15;Pag1;5.003830132;1.43819E-24
ENSMUSG00000042029.7;Ncapg2;4.996071899;0.000147926
ENSMUSG00000020638.8;Cmpk2;4.993619048;1.14488E-09
ENSMUSG00000037112.16;Sik2;4.991268785;8.65785E-35
ENSMUSG00000054715.11;Zscan22;4.982434088;1.2483E-05
ENSMUSG00000018068.13;Ints2;4.980737633;2.53125E-06
ENSMUSG00000020668.10;Kif3c;4.966094433;2.84716E-10
ENSMUSG00000038729.24;Pakap;4.962624315;0.001281747
ENSMUSG00000041298.15;Katnal1;4.944551764;8.02125E-09
ENSMUSG00000034218.16;Atm;4.936826988;3.57789E-06
ENSMUSG00000027782.10;Kpna4;4.923905946;1.8407E-55
ENSMUSG00000040721.9;Zfhx2;4.922233885;0.000297795
ENSMUSG00000028862.6;Map3k6;4.921111772;2.90057E-17
ENSMUSG00000021200.14;Asb2;4.913409362;0.011388289
ENSMUSG00000056211.13;R3hdm1;4.908750808;8.10673E-09
ENSMUSG00000048279.19;Sacs;4.907613622;6.54862E-21
ENSMUSG00000028599.10;Tnfrsf1b;4.906017388;2.74129E-08
ENSMUSG00000027326.13;Knl1;4.904235302;0.004982643
ENSMUSG00000047003.15;Zfp41;4.900470552;4.90188E-06
ENSMUSG00000036712.15;Cyld;4.888093635;3.13223E-40
ENSMUSG00000020357.3;Flt4;4.885473099;0.004321284
ENSMUSG00000019929.16;Dcn;4.877247528;1.54752E-07
ENSMUSG00000041915.9;Ammecr1l;4.874313021;2.92039E-17
ENSMUSG00000025245.14;Lztfl1;4.862439937;1.23216E-14
ENSMUSG00000035914.11;Cd276;4.855358573;8.96991E-05
ENSMUSG00000029093.14;Sorcs2;4.84775635;0.009260468
ENSMUSG00000006403.13;Adamts4;4.839336962;2.81196E-05
ENSMUSG00000026107.11;Nabp1;4.832042404;0.001567407
ENSMUSG00000038244.14;Mical2;4.831261748;4.47109E-07
ENSMUSG00000054008.9;Ndst1;4.82850652;1.9527E-101
ENSMUSG00000032374.14;Plod2;4.826344641;0.000916887
ENSMUSG00000025558.19;Dock9;4.817937616;2.01179E-05
ENSMUSG00000039578.17;Ccser1;4.813841194;0.045095887
ENSMUSG00000031549.16;Ido2;4.81085602;0.000447061
ENSMUSG00000037416.13;Dmxl1;4.804438377;6.41729E-28
ENSMUSG00000046031.7;Calhm6;4.804094381;2.3458E-06
ENSMUSG00000022565.15;Plec;4.797567586;3.21748E-09
ENSMUSG00000074109.4;Mrgprx2;4.790679543;0.036598401
ENSMUSG00000087598.9;Zfp111;4.781119116;0.02206313
ENSMUSG00000020303.2;Stc2;4.765776074;0.007767422
ENSMUSG00000002617.14;Zfp40;4.743340731;7.17766E-13
ENSMUSG00000027379.13;Bub1;4.730755748;0.00134415
ENSMUSG00000025261.18;Huwe1;4.72877648;5.54003E-15
ENSMUSG00000056234.15;Ncoa4;4.727121932;7.8541E-09
ENSMUSG00000022816.11;Fstl1;4.726760905;0.002546231
ENSMUSG00000078866.10;Zfp970;4.72280945;3.68441E-05
ENSMUSG00000039512.12;Uhrf1bp1;4.716310798;1.41665E-13
ENSMUSG00000005397.8;Nid1;4.714924009;0.003034243
ENSMUSG00000046572.10;Zfp518b;4.712951283;0.000868702
ENSMUSG00000059975.15;Zfp74;4.701945834;1.64384E-08
ENSMUSG00000066009.8;Zfp987;4.692084913;0.021904653
ENSMUSG00000044795.12;Cyb5d1;4.688092962;5.51465E-12
ENSMUSG00000038587.10;Akap12;4.681627894;0.02027861
ENSMUSG00000022263.10;Trio;4.679844381;1.01935E-09
ENSMUSG00000068663.14;Clec16a;4.678357637;3.00026E-37
ENSMUSG00000027452.11;Acss1;4.669549687;2.39453E-25
ENSMUSG00000045671.17;Spred2;4.669135452;1.06729E-35
ENSMUSG00000040339.10;Fam102b;4.668968873;1.69148E-13
ENSMUSG00000028613.15;Lrp8;4.668484286;4.66492E-05
ENSMUSG00000024810.16;Il33;4.661402851;3.8694E-06
ENSMUSG00000043987.18;Cep164;4.648448863;2.71534E-11
ENSMUSG00000023206.16;Il15ra;4.634084177;8.65729E-21
ENSMUSG00000039431.16;Mtmr7;4.631603637;1.99893E-11
ENSMUSG00000073492.2;NA;4.627633016;0.013094031
ENSMUSG00000032009.8;Sesn3;4.62669221;1.09805E-07
ENSMUSG00000025997.13;Ikzf2;4.626110676;1.49194E-09
ENSMUSG00000040297.12;Suco;4.625426668;2.04901E-15
ENSMUSG00000033295.14;Ptprf;4.618098372;0.004098039
ENSMUSG00000032244.9;Fem1b;4.614356523;1.67968E-50
ENSMUSG00000071669.14;Snx29;4.611694657;3.04178E-05
ENSMUSG00000034640.9;Tiparp;4.604510498;7.39818E-06
ENSMUSG00000054203.7;Ifi205;4.597961412;0.003229565
ENSMUSG00000027219.13;Slc28a2;4.595572118;4.32662E-36
ENSMUSG00000049076.12;Acap2;4.584396539;1.01514E-14
ENSMUSG00000027669.14;Gnb4;4.568333821;3.31269E-16
ENSMUSG00000025862.14;Stag2;4.555605321;7.84528E-15
ENSMUSG00000033671.18;Cep350;4.544957736;2.78792E-14
ENSMUSG00000026979.16;Psd4;4.544595252;1.99194E-18
ENSMUSG00000043079.17;Synpo;4.543879162;9.96303E-10
ENSMUSG00000031647.10;Mfap3l;4.541962301;9.31089E-08
ENSMUSG00000036499.9;Eea1;4.541150167;8.5584E-26
ENSMUSG00000068606.6;Gm4841;4.535507477;0.020500319
ENSMUSG00000019845.8;Tube1;4.52732866;2.11524E-05
ENSMUSG00000001507.16;Itga3;4.503660598;0.000441507
ENSMUSG00000022636.13;Alcam;4.502277838;8.1509E-28
ENSMUSG00000037940.17;Inpp4b;4.499129997;0.000534086
ENSMUSG00000004891.16;Nes;4.492418728;0.005459234
ENSMUSG00000005763.15;Cd247;4.489580747;0.039808581
ENSMUSG00000034801.13;Sos2;4.480603965;1.7937E-61
ENSMUSG00000036109.17;Mbnl3;4.48013222;0.009842148
ENSMUSG00000034220.7;Gpc1;4.473299619;3.15347E-09
ENSMUSG00000057738.14;Sptan1;4.467251432;5.54737E-25
ENSMUSG00000035614.11;Togaram1;4.459557305;2.3223E-23
ENSMUSG00000031600.11;Vps37a;4.459474869;5.2824E-13
ENSMUSG00000024759.14;Atl3;4.456325798;2.72531E-46
ENSMUSG00000066036.14;Ubr4;4.454378845;1.31679E-15
ENSMUSG00000033902.12;Mapkbp1;4.45224735;1.59807E-13
ENSMUSG00000089942.9;Pira2;4.446494191;6.70669E-25
ENSMUSG00000022440.9;C1qtnf6;4.443178244;6.30064E-10
ENSMUSG00000050315.14;Synpo2;4.43750926;0.01338657
ENSMUSG00000028572.13;Hook1;4.435754702;2.50695E-07
ENSMUSG00000047798.15;Cd300lf;4.431649756;3.32249E-08
ENSMUSG00000017400.10;Stac2;4.417802995;3.61903E-05
ENSMUSG00000039153.17;Runx2;4.402841374;9.53168E-07
ENSMUSG00000024798.15;Htr7;4.396916386;0.017414048
ENSMUSG00000047735.14;Samd9l;4.394360307;5.0451E-17
ENSMUSG00000020072.15;Pbld2;4.393493692;0.002631693
ENSMUSG00000040661.6;Rad54l2;4.392595294;9.94645E-05
ENSMUSG00000033276.18;Stk36;4.383853102;0.000400301
ENSMUSG00000017652.16;Cd40;4.377365976;2.2215E-06
ENSMUSG00000022789.15;Dnm1l;4.372441269;1.07901E-09
ENSMUSG00000020362.13;Cnot6;4.364179716;3.63996E-15
ENSMUSG00000020634.12;Ubxn2a;4.362373812;9.64684E-08
ENSMUSG00000040711.8;Sh3pxd2b;4.357774301;6.49554E-40
ENSMUSG00000032462.14;Pik3cb;4.352258768;2.63016E-12
ENSMUSG00000035164.8;Zc3h12c;4.346735631;7.67705E-24
ENSMUSG00000039997.16;Ifi203;4.339338621;2.40198E-07
ENSMUSG00000037161.14;Mgarp;4.335388844;0.002925455
ENSMUSG00000033282.14;Rpgrip1l;4.325648342;0.040802214
ENSMUSG00000056608.14;Chd9;4.319265136;9.88006E-19
ENSMUSG00000059142.16;Zfp945;4.317486568;4.16563E-07
ENSMUSG00000030921.17;Trim30a;4.311976813;1.19814E-28
ENSMUSG00000029161.7;Cgref1;4.306870209;8.11986E-12
ENSMUSG00000002055.9;Spag5;4.306261023;0.00856261
ENSMUSG00000035868.9;Zfp983;4.298464813;3.44048E-12
ENSMUSG00000021890.6;Eaf1;4.297347594;1.23899E-13
ENSMUSG00000051650.11;B3gnt2;4.296291187;8.02907E-05
ENSMUSG00000028337.14;Coro2a;4.292455401;7.38299E-07
ENSMUSG00000030055.16;Rab43;4.288642469;1.97996E-12
ENSMUSG00000053965.10;Pde5a;4.283123783;3.35607E-06
ENSMUSG00000003847.16;Nfat5;4.277395483;4.10243E-23
ENSMUSG00000022867.11;Usp25;4.276587316;3.60498E-33
ENSMUSG00000024669.8;Cd5;4.272123319;0.037334996
ENSMUSG00000082229.1;Nap1l2;4.265336876;0.00016545
ENSMUSG00000064247.14;Plcxd1;4.264891279;7.71903E-07
ENSMUSG00000024501.20;Dpysl3;4.263126757;0.000111605
ENSMUSG00000026490.18;Cdc42bpa;4.262435796;3.53504E-09
ENSMUSG00000062593.17;Lilrb4a;4.253135615;1.16483E-10
ENSMUSG00000020732.13;Rab37;4.248725643;0.000701673
ENSMUSG00000058690.14;Ccser2;4.247030053;8.34123E-17
ENSMUSG00000035834.11;Polr3g;4.246475106;5.75139E-07
ENSMUSG00000026586.16;Prrx1;4.234697906;7.76947E-05
ENSMUSG00000029265.4;Dr1;4.224190059;4.07812E-43
ENSMUSG00000006527.16;Sfmbt1;4.222913507;3.74352E-07
ENSMUSG00000002020.15;Ltbp2;4.222574008;0.002289092
ENSMUSG00000037418.6;Best1;4.219979022;1.47239E-06
ENSMUSG00000061436.15;Hipk2;4.211938358;1.18513E-10
ENSMUSG00000027858.13;Tspan2;4.203690888;0.008282918
ENSMUSG00000037887.11;Dusp8;4.201842352;0.0008522
ENSMUSG00000021990.16;Spata13;4.19652434;0.00359292
ENSMUSG00000050931.7;Sgms2;4.195066608;6.58488E-16
ENSMUSG00000006567.11;Atp7b;4.19026763;0.014818404
ENSMUSG00000029860.16;Zyx;4.186230378;8.18529E-31
ENSMUSG00000021831.9;Ero1l;4.184925023;6.63026E-05
ENSMUSG00000037225.13;Fgf2;4.184663305;0.035968015
ENSMUSG00000050737.13;Ptges;4.18115039;0.00053234
ENSMUSG00000021767.19;Kat6b;4.180944198;5.57012E-05
ENSMUSG00000040565.8;Btaf1;4.180073172;3.3247E-17
ENSMUSG00000054342.8;Kcnn4;4.173537786;3.77371E-05
ENSMUSG00000073733.4;Cplane2;4.162432803;0.04200516
ENSMUSG00000069769.13;Msi2;4.160083564;4.15026E-10
ENSMUSG00000002797.9;Ggct;4.157813919;1.03649E-07
ENSMUSG00000029814.10;Igf2bp3;4.155559798;0.002385978
ENSMUSG00000021366.8;Hivep1;4.154179505;1.64178E-13
ENSMUSG00000020914.17;Top2a;4.150906518;0.01038707
ENSMUSG00000034333.15;Zbed4;4.14854641;1.42444E-36
ENSMUSG00000078896.11;Zfp965;4.144306269;2.08601E-10
ENSMUSG00000042066.16;Tmcc2;4.143941361;0.003011923
ENSMUSG00000030172.15;Erc1;4.143025392;1.64235E-10
ENSMUSG00000029275.18;Gfi1;4.142538558;0.009604888
ENSMUSG00000035042.2;Ccl5;4.141689542;0.027117591
ENSMUSG00000021871.19;NA;4.133680113;3.61144E-11
ENSMUSG00000034573.14;Ptpn13;4.132928689;0.035601338
ENSMUSG00000054509.7;Parp4;4.132819882;2.28971E-26
ENSMUSG00000031540.14;Kat6a;4.125841371;1.46553E-46
ENSMUSG00000024098.6;Twsg1;4.120803053;8.39471E-17
ENSMUSG00000070427.4;Il18bp;4.1188832;4.92426E-07
ENSMUSG00000038664.16;Herc1;4.114641093;5.0761E-16
ENSMUSG00000034066.13;Farp2;4.113836421;2.09599E-09
ENSMUSG00000030162.14;Olr1;4.109703486;6.65864E-09
ENSMUSG00000019982.15;Myb;4.107790776;0.023874431
ENSMUSG00000000555.8;Itga5;4.105012752;4.08823E-07
ENSMUSG00000033460.14;Armcx1;4.101115152;0.000424945
ENSMUSG00000024350.6;Dnajc18;4.10023748;0.000436018
ENSMUSG00000095115.2;Itpripl2;4.100139427;4.94167E-14
ENSMUSG00000024019.18;Cmtr1;4.094580435;1.00007E-18
ENSMUSG00000034177.15;Rnf43;4.093316681;0.000536731
ENSMUSG00000042506.15;Usp22;4.092735266;2.21225E-09
ENSMUSG00000037486.18;Asxl2;4.084672622;4.0681E-11
ENSMUSG00000052727.6;Map1b;4.079878099;3.7674E-08
ENSMUSG00000044308.17;Ubr3;4.07683797;1.02987E-16
ENSMUSG00000028525.16;Pde4b;4.069472068;1.21514E-07
ENSMUSG00000026014.15;Raph1;4.057199516;5.08639E-10
ENSMUSG00000039982.8;Dtx4;4.050793292;1.20547E-08
ENSMUSG00000025429.9;Pstpip2;4.047153295;1.03422E-10
ENSMUSG00000005501.14;Usp40;4.045036643;6.18753E-09
ENSMUSG00000064289.15;Tank;4.039907656;6.60101E-38
ENSMUSG00000003929.11;Zfp81;4.039692382;4.36291E-11
ENSMUSG00000033487.14;Fndc3a;4.036167011;1.70128E-30
ENSMUSG00000021583.7;Erap1;4.035404268;3.85019E-23
ENSMUSG00000044701.5;Il27;4.02809343;0.000458198
ENSMUSG00000025321.14;Itgb8;4.021611827;0.025674905
ENSMUSG00000038151.13;Prdm1;4.01579836;3.8719E-14
ENSMUSG00000035829.13;Ppp1r26;4.01370941;0.044371768
ENSMUSG00000074305.9;Peak1;4.011849888;2.3447E-16
ENSMUSG00000069094.12;Pde7a;4.011516792;7.81921E-14
ENSMUSG00000035311.16;Gnptab;4.004199755;4.00143E-06
ENSMUSG00000030536.10;Iqgap1;4.002542073;1.18108E-21
ENSMUSG00000003585.13;Sec14l2;0.249996503;0.039691591
ENSMUSG00000039195.4;1110008P14Rik;0.249892278;0.00012084
ENSMUSG00000004748.5;Mtfp1;0.249889822;1.79438E-05
ENSMUSG00000028741.13;Mrto4;0.249855573;0.007192107
ENSMUSG00000028936.15;Rpl22;0.249834091;9.9817E-44
ENSMUSG00000056910.5;Vmn2r107;0.249800434;3.01999E-05
ENSMUSG00000066637.2;Ttc32;0.249698729;1.60342E-13
ENSMUSG00000036611.5;Eepd1;0.249674973;2.72962E-05
ENSMUSG00000017404.12;Rpl19;0.249670503;2.73747E-21
ENSMUSG00000050876.9;Spata31d1a;0.249537976;7.20443E-06
ENSMUSG00000044122.15;Proca1;0.249083779;0.018560056
ENSMUSG00000021018.8;Polr2h;0.249021702;7.2085E-14
ENSMUSG00000059305.12;Vpreb1;0.248561815;0.034514894
ENSMUSG00000006179.9;Prss16;0.248542138;0.000808855
ENSMUSG00000010307.7;Tmem86a;0.248337536;2.36246E-16
ENSMUSG00000096010.2;H4f16;0.247794908;0.000509545
ENSMUSG00000002847.7;Pla1a;0.247734154;0.00044443
ENSMUSG00000040414.8;Slc25a28;0.247733138;1.88094E-14
ENSMUSG00000059851.15;Kmt5c;0.247536168;1.02607E-13
ENSMUSG00000025464.15;Paox;0.247391806;1.75165E-11
ENSMUSG00000073802.5;Cdkn2b;0.247386063;5.40877E-09
ENSMUSG00000053687.15;Dpep2;0.247313962;1.65206E-06
ENSMUSG00000026390.7;Marco;0.247301611;1.15454E-05
ENSMUSG00000079019.2;Insl3;0.246991256;0.000607937
ENSMUSG00000072115.11;Ang;0.246823921;0.031951061
ENSMUSG00000032026.7;Rexo2;0.246435969;0.000329355
ENSMUSG00000050621.7;Rps27rt;0.246178646;5.46802E-17
ENSMUSG00000029484.12;Anxa3;0.245906135;1.16104E-26
ENSMUSG00000010048.10;Ifrd2;0.245811167;9.03994E-09
ENSMUSG00000052560.15;Cpne8;0.245679133;1.95563E-08
ENSMUSG00000017734.15;Dbndd2;0.245671185;8.04137E-06
ENSMUSG00000047352.6;Olfr976;0.245667868;0.016284372
ENSMUSG00000036751.7;Cox6b1;0.245584449;7.1029E-10
ENSMUSG00000024299.17;Adamts10;0.245537332;3.48747E-13
ENSMUSG00000036533.9;Cdc42ep3;0.245203907;0.000721707
ENSMUSG00000024049.15;Myom1;0.245186322;0.01470847
ENSMUSG00000058794.12;Nfe2;0.24503961;0.000205775
ENSMUSG00000036304.14;Zdhhc23;0.244691106;0.00922819
ENSMUSG00000022476.8;Polr3h;0.244354044;0.000145923
ENSMUSG00000049760.6;Micos13;0.244192901;1.29897E-05
ENSMUSG00000043716.13;Rpl7;0.243850659;6.51576E-18
ENSMUSG00000040883.18;Tmem205;0.243628512;5.9703E-30
ENSMUSG00000079677.2;Fdx2;0.243612752;2.33816E-05
ENSMUSG00000046058.7;Eid2;0.243468594;2.00952E-05
ENSMUSG00000037349.9;Nudt22;0.243392373;3.33498E-14
ENSMUSG00000024158.17;Hagh;0.243305157;3.17974E-20
ENSMUSG00000052146.16;Rps10;0.24328334;2.53636E-27
ENSMUSG00000018669.14;Cdk5rap3;0.243264646;2.98437E-12
ENSMUSG00000060509.5;Xcr1;0.24281712;4.4591E-05
ENSMUSG00000057981.5;Vmn1r12;0.242622616;5.99625E-05
ENSMUSG00000038453.17;Srcin1;0.242601029;0.003043422
ENSMUSG00000026433.13;Rab29;0.242175832;3.01295E-26
ENSMUSG00000107877.2;4933427D14Rik;0.242123025;0.03940445
ENSMUSG00000026548.4;Slamf9;0.241825215;5.10139E-06
ENSMUSG00000042747.12;Krtcap2;0.241669653;1.43071E-11
ENSMUSG00000036781.13;Rps27l;0.241423104;3.2395E-13
ENSMUSG00000001909.16;Trmt1;0.241131725;5.47708E-37
ENSMUSG00000014232.14;Cluap1;0.240819057;3.97067E-05
ENSMUSG00000095961.2;Vmn2r102;0.240627372;0.015435865
ENSMUSG00000012848.15;Rps5;0.240525959;1.18108E-21
ENSMUSG00000019659.8;Ccdc12;0.240427691;4.09986E-12
ENSMUSG00000078490.10;Cfap74;0.240202636;0.000594577
ENSMUSG00000018585.9;Atox1;0.240094659;5.1991E-13
ENSMUSG00000071451.10;Psmg4;0.239764087;1.16746E-07
ENSMUSG00000068240.5;Uba52;0.23975266;9.87476E-09
ENSMUSG00000001056.3;Nhp2;0.23915985;2.32021E-07
ENSMUSG00000040557.14;Mettl27;0.23911388;0.00845298
ENSMUSG00000001999.15;Blvra;0.238690914;3.01765E-37
ENSMUSG00000078234.6;Klhdc7a;0.238541503;0.006090313
ENSMUSG00000026688.5;Mgst3;0.238332537;1.19316E-12
ENSMUSG00000042106.5;Inka1;0.238262281;7.09293E-06
ENSMUSG00000050503.9;Fbxl22;0.23813609;7.40681E-05
ENSMUSG00000000740.12;Rpl13;0.237711409;6.11334E-26
ENSMUSG00000004359.16;Spic;0.23761617;5.63256E-06
ENSMUSG00000031387.14;Renbp;0.237513327;3.08879E-33
ENSMUSG00000042073.15;Abhd14b;0.237444225;5.05544E-15
ENSMUSG00000068551.12;Zfp467;0.237290106;3.82895E-11
ENSMUSG00000006281.8;Tep1;0.236949494;7.36997E-17
ENSMUSG00000030703.8;Gdpd3;0.236357438;1.42191E-05
ENSMUSG00000079478.9;Znrd2;0.236315226;0.02523649
ENSMUSG00000026833.18;Olfm1;0.235703119;3.97837E-19
ENSMUSG00000026895.7;Ndufa8;0.235659464;6.48563E-10
ENSMUSG00000029471.13;Camkk2;0.235602547;2.98758E-18
ENSMUSG00000029149.14;Krtcap3;0.235582901;0.007036397
ENSMUSG00000021384.14;Susd3;0.235260077;2.38972E-05
ENSMUSG00000030724.7;Cd19;0.235245214;0.011714484
ENSMUSG00000018449.12;Rpain;0.235198298;4.43715E-06
ENSMUSG00000061286.7;Exosc5;0.235080835;1.1351E-08
ENSMUSG00000068950.3;Olfr338;0.235068464;3.61574E-08
ENSMUSG00000030041.9;M1ap;0.234821764;0.00705814
ENSMUSG00000041429.3;Nthl1;0.234771245;2.84655E-13
ENSMUSG00000028478.18;Clta;0.234703387;7.83446E-73
ENSMUSG00000030263.13;Lrmp;0.23464484;7.62495E-13
ENSMUSG00000024925.11;Rnaseh2c;0.234548709;0.00397881
ENSMUSG00000073125.10;Xlr3b;0.233831292;0.0003158
ENSMUSG00000056602.12;Fry;0.233534111;0.005402241
ENSMUSG00000021967.4;Mrpl57;0.23343953;9.43481E-19
ENSMUSG00000033434.15;Gtpbp6;0.233361896;4.43665E-31
ENSMUSG00000079641.3;Rpl39;0.233300254;2.06782E-24
ENSMUSG00000029061.2;Mmp23;0.233191866;0.013768088
ENSMUSG00000064373.12;Selenop;0.233153769;0.000633903
ENSMUSG00000022265.7;Ank;0.233105482;3.83726E-07
ENSMUSG00000094796.2;BC147527;0.232904197;0.007233734
ENSMUSG00000023170.14;Gps2;0.232815393;2.09264E-39
ENSMUSG00000109764.1;Klkb1;0.232711359;0.002257915
ENSMUSG00000031158.11;Timm17b;0.232545519;1.46168E-21
ENSMUSG00000091811.2;Inafm1;0.232460325;1.51384E-07
ENSMUSG00000025650.13;Col7a1;0.2324125;0.003230068
ENSMUSG00000058351.11;Smim4;0.232358909;3.49834E-05
ENSMUSG00000031861.16;Lpar2;0.231969542;1.29045E-05
ENSMUSG00000037548.15;H2-DMb2;0.231833697;0.014731848
ENSMUSG00000049482.16;Ctu2;0.231701312;5.96958E-07
ENSMUSG00000064326.13;Siva1;0.231300072;5.71642E-30
ENSMUSG00000039607.16;Rbms3;0.231265496;0.003944651
ENSMUSG00000037725.8;Ckap2;0.231181142;0.009438961
ENSMUSG00000047594.4;Olfr1122;0.231028565;3.93631E-05
ENSMUSG00000022769.9;Sdf2l1;0.230316191;1.27704E-14
ENSMUSG00000095187.2;Olfr1381;0.23002785;0.014713001
ENSMUSG00000032180.11;Tmed1;0.229901979;1.19967E-05
ENSMUSG00000030272.15;Camk1;0.229528454;1.30022E-15
ENSMUSG00000021290.6;Atp5mpl;0.229488244;4.9438E-18
ENSMUSG00000056665.2;Them6;0.229139334;5.02265E-05
ENSMUSG00000071711.12;Mpst;0.2290634;0.000334527
ENSMUSG00000023755.10;Rhebl1;0.229009987;0.000113698
ENSMUSG00000090247.7;Bloc1s1;0.228813761;2.57057E-14
ENSMUSG00000038451.13;Spsb2;0.228603547;1.11341E-12
ENSMUSG00000030744.13;Rps3;0.228537825;3.17399E-19
ENSMUSG00000090733.6;Rps27;0.227789435;7.00106E-09
ENSMUSG00000027848.12;Olfml3;0.227694491;0.026716067
ENSMUSG00000022838.14;Eaf2;0.227585182;1.68166E-08
ENSMUSG00000025213.11;Kazald1;0.227509277;0.019947753
ENSMUSG00000024208.16;Uqcc2;0.227410399;8.7815E-08
ENSMUSG00000027932.14;Slc27a3;0.227333006;5.81745E-05
ENSMUSG00000021606.8;Ndufs6;0.227008678;3.41291E-12
ENSMUSG00000041354.16;Rgl2;0.226846075;7.63579E-16
ENSMUSG00000002804.4;Nudt14;0.226548219;1.70031E-12
ENSMUSG00000105906.1;NA;0.226054249;0.044802287
ENSMUSG00000002249.21;Tead3;0.22592294;0.004964386
ENSMUSG00000061111.8;Mcrip1;0.2256389;5.41448E-29
ENSMUSG00000019577.6;Pdk4;0.225471673;0.002841645
ENSMUSG00000005873.6;Reep5;0.22535333;1.41828E-09
ENSMUSG00000021646.9;Mccc2;0.225306903;7.04964E-06
ENSMUSG00000091780.3;Sco2;0.225237785;4.13532E-11
ENSMUSG00000026928.14;Card9;0.225117309;3.1267E-14
ENSMUSG00000046826.7;Fam187b;0.22484728;0.005315937
ENSMUSG00000036052.14;Dnajb5;0.224801049;1.34419E-14
ENSMUSG00000006442.10;Srm;0.224721982;0.000114894
ENSMUSG00000025503.5;Taldo1;0.224622235;1.1382E-33
ENSMUSG00000000732.9;Icosl;0.22448126;5.56826E-05
ENSMUSG00000027339.15;Rassf2;0.224088279;1.7902E-13
ENSMUSG00000062328.8;Rpl17;0.224067273;5.61009E-17
ENSMUSG00000056612.7;Ppp1r14b;0.223908591;4.27396E-08
ENSMUSG00000026202.13;Tuba4a;0.22343951;3.21333E-07
ENSMUSG00000091625.8;Lsm5;0.223330534;3.98645E-15
ENSMUSG00000045087.8;S1pr5;0.223146101;0.000171881
ENSMUSG00000045752.13;Tssc4;0.222960638;1.24753E-31
ENSMUSG00000106918.3;Mrpl33;0.22291572;7.00097E-13
ENSMUSG00000063535.7;Zfp773;0.222805856;2.12052E-07
ENSMUSG00000070319.6;Eif3g;0.222751352;4.58435E-56
ENSMUSG00000056185.5;Snx32;0.222641357;1.60199E-06
ENSMUSG00000053801.18;Grwd1;0.222171974;0.000118405
ENSMUSG00000001025.8;S100a6;0.22171577;0.008212278
ENSMUSG00000073676.4;Hspe1;0.221688631;5.42844E-53
ENSMUSG00000074622.4;Mafb;0.221664615;1.48661E-18
ENSMUSG00000087006.3;Gm13889;0.221543894;0.012140482
ENSMUSG00000096356.3;Olfr889;0.221329267;0.011312162
ENSMUSG00000033022.8;Cdo1;0.22118535;0.029262641
ENSMUSG00000076437.10;Selenoh;0.221005656;3.57014E-07
ENSMUSG00000117924.1;Tmem223;0.22093951;5.92228E-09
ENSMUSG00000003423.15;Pih1d1;0.220926435;1.97867E-20
ENSMUSG00000090981.6;NA;0.220888644;5.35601E-08
ENSMUSG00000109398.2;NA;0.22085704;0.011290502
ENSMUSG00000044390.5;Tigd3;0.22072323;0.004026527
ENSMUSG00000050732.9;Vamp8;0.220573305;8.10306E-09
ENSMUSG00000024844.15;Banf1;0.220473317;5.02292E-09
ENSMUSG00000027454.10;Gins1;0.21968355;4.92426E-07
ENSMUSG00000051550.10;Zfp579;0.219646589;3.28673E-15
ENSMUSG00000020372.15;Rack1;0.219524713;1.0526E-38
ENSMUSG00000059363.10;Fxn;0.21921978;1.66545E-07
ENSMUSG00000005836.10;Gata6;0.219078949;2.44841E-06
ENSMUSG00000044991.10;Shld1;0.218907602;4.11022E-12
ENSMUSG00000041560.12;Nop53;0.218884397;7.4991E-09
ENSMUSG00000023393.15;Slc17a9;0.218690511;2.27985E-08
ENSMUSG00000001029.15;Icam2;0.218652454;6.44698E-09
ENSMUSG00000042118.7;Bhmt2;0.218597423;0.002024544
ENSMUSG00000006315.9;Tmem147;0.218536522;1.80298E-11
ENSMUSG00000006412.10;Pfdn2;0.218490658;4.07933E-46
ENSMUSG00000063445.14;Nmral1;0.218476805;6.95483E-08
ENSMUSG00000038155.11;Gstp2;0.218476787;7.40537E-05
ENSMUSG00000000244.17;Tspan32;0.21784791;1.42465E-13
ENSMUSG00000031478.16;Nek3;0.217756719;0.001724938
ENSMUSG00000026730.12;Pter;0.217741314;0.006001075
ENSMUSG00000028470.10;Hint2;0.217263934;8.22106E-06
ENSMUSG00000060224.4;Pyroxd2;0.217086275;0.000874314
ENSMUSG00000020660.6;Pomc;0.217069357;0.000384001
ENSMUSG00000048080.2;Olfr731;0.217060964;7.50189E-08
ENSMUSG00000091803.7;Cox16;0.217028399;1.36405E-17
ENSMUSG00000061518.11;Cox5b;0.216942532;4.73115E-20
ENSMUSG00000046364.14;Rpl27a;0.216672259;1.45089E-33
ENSMUSG00000069456.4;Rdh16;0.216493907;0.011946176
ENSMUSG00000037742.14;Eef1a1;0.215968746;2.68481E-16
ENSMUSG00000048731.15;Ggnbp1;0.215698745;8.9328E-08
ENSMUSG00000061068.7;Mcpt4;0.215205234;0.007304083
ENSMUSG00000041707.8;Tmem273;0.215116114;6.46229E-09
ENSMUSG00000056209.7;Npm3;0.215033413;7.88786E-07
ENSMUSG00000063316.13;Rpl27;0.214807212;2.02013E-14
ENSMUSG00000072582.9;Ptrh2;0.214642222;5.77797E-09
ENSMUSG00000080316.11;Spaca6;0.214416514;1.24828E-07
ENSMUSG00000056899.10;Immp2l;0.214356656;0.003768993
ENSMUSG00000053604.5;Rpia;0.214310147;2.16315E-20
ENSMUSG00000044533.15;Rps2;0.214165107;1.29425E-34
ENSMUSG00000023411.12;Nfatc4;0.214107499;6.76515E-05
ENSMUSG00000022912.8;Pros1;0.214041863;1.00812E-11
ENSMUSG00000040964.16;Arhgef10l;0.21345862;5.66314E-16
ENSMUSG00000023979.14;Guca1b;0.213445873;0.010750225
ENSMUSG00000021638.12;Ocln;0.213417147;0.000255546
ENSMUSG00000026180.8;Cxcr2;0.213305377;0.000189124
ENSMUSG00000053565.10;Eif3k;0.213299452;6.24866E-51
ENSMUSG00000043419.11;Rnf227;0.213006123;9.98222E-06
ENSMUSG00000027435.8;Cd93;0.212970016;2.21209E-05
ENSMUSG00000068923.14;Syt11;0.212934383;4.65084E-26
ENSMUSG00000022474.15;Pmm1;0.212888574;2.26319E-20
ENSMUSG00000022558.16;Mroh1;0.212680005;4.54249E-17
ENSMUSG00000090137.8;Uba52;0.212550274;5.2105E-18
ENSMUSG00000073650.8;Catip;0.21240504;0.004303799
ENSMUSG00000046056.15;Sbsn;0.21233319;0.019014749
ENSMUSG00000031059.9;Ndufb11;0.212244769;3.55113E-30
ENSMUSG00000032750.13;Gab3;0.212232881;9.8607E-08
ENSMUSG00000062170.12;Fmr1nb;0.212213827;0.044314457
ENSMUSG00000090862.3;Rps13;0.212040616;4.3762E-35
ENSMUSG00000060152.14;Pop5;0.211942114;1.65075E-09
ENSMUSG00000037347.7;Chst7;0.211204884;0.044984131
ENSMUSG00000054545.17;Ugt1a6a;0.211192305;7.36824E-15
ENSMUSG00000062006.12;Rpl34;0.210751827;1.2057E-38
ENSMUSG00000053553.11;3110082I17Rik;0.21072419;1.20293E-07
ENSMUSG00000007833.15;Aldh16a1;0.210577625;2.79392E-30
ENSMUSG00000026385.16;Dbi;0.21040957;6.8562E-09
ENSMUSG00000028910.12;Mecr;0.21031901;2.07683E-06
ENSMUSG00000032997.16;Chpf;0.210218551;1.58775E-09
ENSMUSG00000099583.2;H3c4;0.210215501;0.022197758
ENSMUSG00000028081.6;Rps3a1;0.21017955;1.66432E-18
ENSMUSG00000024914.16;Drap1;0.209839438;1.43629E-65
ENSMUSG00000017466.9;Timp2;0.209675906;2.65853E-12
ENSMUSG00000017499.15;Cdc6;0.209655969;0.011083404
ENSMUSG00000022550.18;Adck5;0.209554513;5.0451E-17
ENSMUSG00000000325.16;Arvcf;0.209461737;0.000659709
ENSMUSG00000002308.16;Cd320;0.209422616;6.24178E-09
ENSMUSG00000034686.8;Prr7;0.208514534;0.000321473
ENSMUSG00000071415.6;Rpl23;0.208448901;1.57812E-38
ENSMUSG00000061983.7;Rps12;0.208400335;1.92131E-61
ENSMUSG00000109378.1;NA;0.208359854;9.81314E-07
ENSMUSG00000022177.9;Haus4;0.208296066;2.36856E-11
ENSMUSG00000039209.12;Rpl39l;0.208221031;0.017582984
ENSMUSG00000014852.16;Adamts13;0.208046628;3.90864E-05
ENSMUSG00000001552.14;Jup;0.208036605;3.32425E-05
ENSMUSG00000031995.9;St14;0.20790609;2.05216E-13
ENSMUSG00000031320.9;Rps4x;0.207283422;2.79644E-43
ENSMUSG00000059743.12;Fdps;0.207241401;0.001123564
ENSMUSG00000034656.18;Cacna1a;0.20719868;2.87091E-06
ENSMUSG00000010406.12;Mrpl52;0.20717329;4.73892E-06
ENSMUSG00000025453.18;Nnt;0.206868209;2.09685E-06
ENSMUSG00000032288.9;Imp3;0.206245178;1.14288E-38
ENSMUSG00000042312.9;S100a13;0.206009917;0.000155222
ENSMUSG00000060639.5;H4c9;0.205355393;5.76934E-06
ENSMUSG00000009927.9;Rps25;0.205055867;7.45185E-27
ENSMUSG00000056055.13;Sag;0.204988931;0.012372517
ENSMUSG00000025351.14;Cd63;0.204669486;2.02425E-45
ENSMUSG00000033705.17;Stard9;0.204317556;2.41955E-09
ENSMUSG00000031465.6;Angpt2;0.203641254;0.030098235
ENSMUSG00000027315.13;Spint1;0.203487312;2.09284E-05
ENSMUSG00000039246.8;Lyplal1;0.203463988;0.000738457
ENSMUSG00000028643.11;Svbp;0.203392855;1.87635E-15
ENSMUSG00000036748.16;Cuedc2;0.202889973;6.20936E-16
ENSMUSG00000068758.8;Il3ra;0.202875337;4.16831E-14
ENSMUSG00000029504.5;Ddx51;0.201279143;6.29752E-06
ENSMUSG00000045404.16;Kcnk13;0.200865082;1.0848E-15
ENSMUSG00000039217.13;Il18;0.200859245;2.13686E-17
ENSMUSG00000030882.19;Dnhd1;0.2004464;0.003643084
ENSMUSG00000019689.4;Fmc1;0.200328624;4.76341E-09
ENSMUSG00000041886.7;Macc1;0.200270449;0.0221189
ENSMUSG00000007050.17;Lsm2;0.200268589;1.81743E-26
ENSMUSG00000002992.17;Apoc2;0.200173236;5.83865E-13
ENSMUSG00000027889.17;Ampd2;0.200009472;2.81064E-09
ENSMUSG00000049871.14;Nlrc3;0.200003425;2.43343E-10
ENSMUSG00000071856.10;Mcc;0.199719242;0.001017504
ENSMUSG00000073702.11;Rpl31;0.199624357;1.76483E-07
ENSMUSG00000040532.14;Abhd11;0.199518369;2.56116E-35
ENSMUSG00000046865.7;Fbl;0.199202043;2.35085E-08
ENSMUSG00000045690.8;Wdr89;0.199039409;5.47842E-24
ENSMUSG00000031848.15;Lsm4;0.198991328;2.06627E-13
ENSMUSG00000028234.6;Rps20;0.19871665;2.54779E-54
ENSMUSG00000084897.1;a;0.198708586;0.001060939
ENSMUSG00000028807.2;Zbtb8a;0.198695563;1.25304E-06
ENSMUSG00000040688.16;Tbl3;0.19867469;8.95818E-10
ENSMUSG00000014725.16;Adam28;0.198386166;1.54136E-05
ENSMUSG00000019734.16;Tmc4;0.198276151;0.010511811
ENSMUSG00000025723.12;Nmb;0.198246773;6.09505E-05
ENSMUSG00000009092.5;Derl3;0.198141183;2.0464E-06
ENSMUSG00000040139.14;9430038I01Rik;0.197126331;7.83553E-14
ENSMUSG00000038738.15;Shank1;0.197087202;4.48051E-08
ENSMUSG00000034936.2;Arl4d;0.197048085;0.000339891
ENSMUSG00000079435.9;Rpl36a;0.19691709;7.48366E-36
ENSMUSG00000023047.11;Amhr2;0.196816225;0.041727622
ENSMUSG00000057191.13;AB124611;0.196486551;1.47239E-51
ENSMUSG00000046450.3;Olfr71;0.196251327;3.46211E-06
ENSMUSG00000032892.14;Rangrf;0.196050502;0.000728181
ENSMUSG00000040121.5;Rep15;0.195758944;8.27771E-11
ENSMUSG00000007039.12;Ddah2;0.195599374;6.28329E-10
ENSMUSG00000073888.13;Ccl27a;0.195300667;0.001316688
ENSMUSG00000072974.4;Gm4787;0.195153206;0.020469865
ENSMUSG00000074359.2;Psg23;0.195025494;0.000324015
ENSMUSG00000029720.9;NA;0.194574867;1.17966E-10
ENSMUSG00000046101.16;Mcmdc2;0.194563242;1.45854E-06
ENSMUSG00000089669.7;Tnfsf13;0.194261539;9.46692E-13
ENSMUSG00000020150.13;Gamt;0.19405158;2.36794E-09
ENSMUSG00000028069.16;Gpatch4;0.193795529;0.004975134
ENSMUSG00000025967.16;Eef1b2;0.193748027;1.54012E-36
ENSMUSG00000029287.14;Tgfbr3;0.193702146;3.95062E-05
ENSMUSG00000024309.15;Pfdn6;0.192636821;5.28903E-47
ENSMUSG00000049123.10;Catsperg2;0.192447812;0.048445879
ENSMUSG00000024663.20;Rab3il1;0.192282244;6.9491E-05
ENSMUSG00000020308.6;Tpgs1;0.192277186;4.89613E-55
ENSMUSG00000019054.13;Fis1;0.192245374;5.92015E-60
ENSMUSG00000049904.7;Tmem17;0.191103388;0.015475748
ENSMUSG00000040287.9;Stac3;0.190819079;0.005583073
ENSMUSG00000008035.12;Mid1ip1;0.190804692;2.40831E-09
ENSMUSG00000004371.15;Il11;0.190802698;0.006842639
ENSMUSG00000061787.15;Rps17;0.190508954;9.02386E-25
ENSMUSG00000004187.11;Kifc2;0.1904863;0.001017504
ENSMUSG00000014294.4;Ndufa2;0.190439266;1.25569E-11
ENSMUSG00000047843.16;Bri3;0.190281569;2.58364E-16
ENSMUSG00000025950.16;Idh1;0.189789937;5.54052E-11
ENSMUSG00000060938.14;Rpl26;0.189660661;4.27307E-41
ENSMUSG00000073418.4;C4b;0.189416428;2.83127E-18
ENSMUSG00000002274.13;Metrn;0.189408315;1.34357E-11
ENSMUSG00000034566.10;Atp5h;0.189067162;6.54987E-24
ENSMUSG00000046229.10;Scand1;0.189005491;3.30856E-40
ENSMUSG00000028100.11;Nudt17;0.188914742;0.00772148
ENSMUSG00000040424.15;Hipk4;0.188882806;0.01504503
ENSMUSG00000020092.9;Pald1;0.188840793;0.014940119
ENSMUSG00000035048.13;Anapc13;0.188836602;3.44741E-16
ENSMUSG00000020153.14;Ndufs7;0.188740968;6.27058E-32
ENSMUSG00000040592.11;Cd79b;0.188657916;0.007770308
ENSMUSG00000055862.7;Izumo4;0.188233747;3.80501E-09
ENSMUSG00000028495.14;Rps6;0.188140731;2.88902E-47
ENSMUSG00000026162.7;Nhej1;0.188085182;1.98243E-07
ENSMUSG00000001120.15;Pcbp3;0.188083025;9.66343E-08
ENSMUSG00000061616.5;Olfr12;0.188033021;0.03346426
ENSMUSG00000038421.13;Fcrla;0.187959623;1.66478E-07
ENSMUSG00000034708.11;Grn;0.187686189;1.02108E-31
ENSMUSG00000007892.8;Rplp1;0.187506479;2.73631E-32
ENSMUSG00000094345.2;NA;0.187491517;0.026356607
ENSMUSG00000027371.10;Fahd2a;0.187225244;4.57943E-11
ENSMUSG00000033751.5;Gadd45gip1;0.186414071;3.79981E-10
ENSMUSG00000034488.14;Edil3;0.186346277;0.000296029
ENSMUSG00000079480.3;Pin4;0.186182;3.93242E-13
ENSMUSG00000071014.10;Ndufb6;0.186143141;2.52239E-24
ENSMUSG00000030541.16;Idh2;0.185917897;2.03142E-19
ENSMUSG00000028551.14;Cdkn2c;0.185714619;0.000138549
ENSMUSG00000038886.10;Man2a2;0.185558582;1.03791E-07
ENSMUSG00000093674.7;Rpl41;0.185166888;5.43802E-53
ENSMUSG00000032518.6;Rpsa;0.185021907;1.1208E-113
ENSMUSG00000076532.3;NA;0.184995707;0.048445879
ENSMUSG00000002395.14;Use1;0.18489345;1.04802E-17
ENSMUSG00000055148.7;Klf2;0.184642636;4.09648E-36
ENSMUSG00000072770.9;Acrbp;0.184099781;5.3219E-06
ENSMUSG00000042607.15;Asb4;0.183778136;2.0465E-09
ENSMUSG00000024018.18;Ccdc167;0.183173537;5.06496E-07
ENSMUSG00000037601.11;Nme1;0.183136471;2.54498E-05
ENSMUSG00000061477.4;Rps7;0.182946676;2.20266E-23
ENSMUSG00000029725.10;Ppp1r35;0.182653826;3.47317E-26
ENSMUSG00000014418.16;Hps5;0.182518763;1.6731E-05
ENSMUSG00000034892.8;Rps29;0.182252753;9.19118E-28
ENSMUSG00000053559.13;Smagp;0.182094229;9.79736E-18
ENSMUSG00000031880.7;Rrad;0.181877789;1.48959E-07
ENSMUSG00000093804.3;Olfr1303;0.181775142;0.016418886
ENSMUSG00000002416.13;Ndufb2;0.181459352;5.05961E-13
ENSMUSG00000115018.2;NA;0.181449775;1.08291E-06
ENSMUSG00000059734.7;Ndufs8;0.181186907;9.278E-49
ENSMUSG00000028565.18;Nfia;0.1811348;4.54105E-06
ENSMUSG00000049119.14;Fam110b;0.180732541;0.021444517
ENSMUSG00000025260.10;Hsd17b10;0.180646284;1.34194E-25
ENSMUSG00000036199.9;Ndufa13;0.18044561;1.76224E-19
ENSMUSG00000021963.17;Sap18;0.18025317;4.01572E-08
ENSMUSG00000090553.8;Snrpe;0.179853154;9.47769E-20
ENSMUSG00000037005.16;Xpnpep2;0.17969379;0.002857359
ENSMUSG00000074141.13;Il4i1;0.179687348;3.65881E-05
ENSMUSG00000034041.5;Lyl1;0.179588832;1.80808E-08
ENSMUSG00000040165.14;Cd209c;0.179362778;0.001867049
ENSMUSG00000018509.8;Cenpv;0.179109078;3.31803E-06
ENSMUSG00000057863.6;Rpl36;0.178977986;4.62341E-35
ENSMUSG00000047675.15;Rps8;0.178975018;2.25978E-39
ENSMUSG00000026388.15;3110009E18Rik;0.178869674;2.96222E-05
ENSMUSG00000020163.12;Uqcr11;0.178586862;1.57908E-14
ENSMUSG00000035960.14;Apex1;0.178378562;1.69234E-05
ENSMUSG00000031807.10;Pgls;0.178151797;1.16728E-15
ENSMUSG00000041453.12;Rpl21;0.1780853;2.67695E-37
ENSMUSG00000001131.11;Timp1;0.177961061;0.004450358
ENSMUSG00000069272.6;H2ac8;0.177924462;0.000609567
ENSMUSG00000068264.11;Ap5s1;0.177757545;5.70979E-07
ENSMUSG00000046402.10;Rbp1;0.177240169;0.012757392
ENSMUSG00000036437.6;Npy1r;0.177121752;0.003316084
ENSMUSG00000030468.12;Siglecg;0.176921951;0.003028037
ENSMUSG00000053907.10;Mat2a;0.176905452;3.65671E-34
ENSMUSG00000010342.16;Tex14;0.176819945;0.000474262
ENSMUSG00000036928.14;Stag3;0.176627661;0.039412947
ENSMUSG00000038372.14;Gmds;0.176162574;3.02822E-12
ENSMUSG00000023982.8;Guca1a;0.17596277;5.42192E-20
ENSMUSG00000022748.8;Cmss1;0.175594699;0.014553984
ENSMUSG00000004814.10;Ccl24;0.175477973;9.6436E-12
ENSMUSG00000004610.4;Etfb;0.175466488;1.2802E-10
ENSMUSG00000057278.8;Snrpg;0.174369552;5.53765E-19
ENSMUSG00000035121.6;Neil2;0.174213389;0.003795505
ENSMUSG00000027533.10;Fabp5;0.174080999;4.06624E-05
ENSMUSG00000029614.13;Rpl6;0.173835837;1.8078E-97
ENSMUSG00000095040.2;1700001J03Rik;0.173732488;0.034203639
ENSMUSG00000036678.8;Aaas;0.17371832;9.41625E-06
ENSMUSG00000074884.12;Serf2;0.173708991;7.2837E-15
ENSMUSG00000025934.15;Gsta3;0.173662305;1.98634E-17
ENSMUSG00000079419.4;Ms4a6c;0.173645814;1.29897E-05
ENSMUSG00000019737.14;Syne4;0.172575817;0.006302017
ENSMUSG00000003873.11;Bax;0.172355919;2.4921E-32
ENSMUSG00000074129.14;Rpl13a;0.171707739;2.94853E-51
ENSMUSG00000034022.8;Cpsf1;0.171631549;7.31621E-15
ENSMUSG00000021947.11;Cryl1;0.170595758;1.7031E-12
ENSMUSG00000030188.12;Magohb;0.170495748;1.16928E-07
ENSMUSG00000003420.8;Fcgrt;0.170158319;3.70573E-22
ENSMUSG00000089847.8;Timm10b;0.169675627;8.60604E-11
ENSMUSG00000059772.12;Slx1b;0.16964734;9.31551E-24
ENSMUSG00000018381.15;Abi3;0.169540153;7.57394E-20
ENSMUSG00000031790.8;Mmp15;0.169487279;0.00268058
ENSMUSG00000002083.13;Bbc3;0.169398487;0.001761689
ENSMUSG00000067951.5;Vmn1r227;0.169222943;5.29315E-13
ENSMUSG00000030785.8;Cox6a2;0.169148978;0.012968366
ENSMUSG00000020460.15;Rps27a;0.16890406;2.21371E-35
ENSMUSG00000030747.5;Dgat2;0.168487204;4.91135E-05
ENSMUSG00000025735.13;Rhbdl1;0.168196704;2.62009E-05
ENSMUSG00000021313.16;Ryr2;0.167764458;0.029020089
ENSMUSG00000044986.10;Tst;0.166624728;0.000120097
ENSMUSG00000030680.6;NA;0.166338694;0.000107615
ENSMUSG00000095098.2;Ccdc85b;0.166286378;3.68001E-19
ENSMUSG00000031949.17;Adat1;0.166206734;1.40112E-15
ENSMUSG00000039450.11;Dcxr;0.166179072;5.76934E-06
ENSMUSG00000024011.17;Pi16;0.165859911;0.032676695
ENSMUSG00000048856.9;Slc25a47;0.165591591;0.00248925
ENSMUSG00000038274.13;Fau;0.165340612;2.9368E-30
ENSMUSG00000020053.18;Igf1;0.164758683;0.000713337
ENSMUSG00000056995.3;Olfr1178;0.164633477;0.003620729
ENSMUSG00000003379.7;Cd79a;0.164584969;0.005408314
ENSMUSG00000037493.6;Cib2;0.164397138;1.16944E-10
ENSMUSG00000006784.14;Ttc25;0.164246882;0.018432372
ENSMUSG00000035262.5;Amh;0.164161896;0.002013168
ENSMUSG00000023045.13;Soat2;0.164149679;1.6226E-06
ENSMUSG00000003429.11;Rps11;0.164081062;3.07688E-14
ENSMUSG00000003970.9;Rpl8;0.164075959;9.0463E-107
ENSMUSG00000054428.12;Atpif1;0.164058809;2.25571E-37
ENSMUSG00000028988.13;Ctnnbip1;0.16388441;2.28359E-05
ENSMUSG00000008668.15;Rps18;0.163827042;1.11425E-76
ENSMUSG00000030826.19;Bcat2;0.163537389;1.96501E-23
ENSMUSG00000110218.1;Gm20219;0.162801604;0.007441662
ENSMUSG00000062997.6;Rpl35;0.162736345;7.34523E-51
ENSMUSG00000112241.1;NA;0.161825651;0.009251237
ENSMUSG00000016252.7;Atp5e;0.161821658;9.93979E-16
ENSMUSG00000025511.15;Tspan4;0.161147853;7.19049E-26
ENSMUSG00000029864.7;Gstk1;0.161093779;6.10417E-13
ENSMUSG00000059278.9;Naa38;0.16103508;4.05976E-48
ENSMUSG00000055762.16;Eef1d;0.161028393;6.53536E-68
ENSMUSG00000073435.10;Nme3;0.161012205;3.16677E-07
ENSMUSG00000047604.3;Frat2;0.160964022;7.55658E-07
ENSMUSG00000030431.8;Tmem238;0.160848286;0.002917117
ENSMUSG00000026365.15;Cfh;0.160727918;9.44518E-05
ENSMUSG00000027488.12;Snta1;0.16069309;7.36376E-22
ENSMUSG00000111517.1;Olfr1238;0.160498512;1.86918E-08
ENSMUSG00000022415.12;Syngr1;0.16022176;2.46558E-08
ENSMUSG00000055523.7;Gucy2g;0.160027175;0.035153952
ENSMUSG00000049517.8;Rps23;0.15971868;1.51437E-42
ENSMUSG00000046806.13;Cyren;0.159654093;6.54862E-21
ENSMUSG00000024194.16;Cuta;0.159562745;4.77013E-17
ENSMUSG00000062619.6;2310039H08Rik;0.159483098;9.41335E-15
ENSMUSG00000037772.13;Mrpl23;0.15909155;5.01924E-08
ENSMUSG00000094380.3;Olfr904;0.159072616;0.001457527
ENSMUSG00000035085.5;1700020L24Rik;0.158294377;1.08295E-05
ENSMUSG00000035215.9;Lsm7;0.158238031;2.66024E-05
ENSMUSG00000094777.2;Hist1h2ap;0.158192559;8.66126E-21
ENSMUSG00000067288.13;Rps28;0.158184932;5.46145E-16
ENSMUSG00000025068.8;Gsto1;0.158167398;2.73631E-32
ENSMUSG00000025876.15;Unc5a;0.157753259;0.003955258
ENSMUSG00000070873.5;Lilra5;0.155759474;1.56811E-12
ENSMUSG00000030432.12;Rpl28;0.155637073;9.4677E-26
ENSMUSG00000096220.2;Olfr775;0.155501048;6.25416E-07
ENSMUSG00000033491.13;Prss35;0.155163692;0.004261296
ENSMUSG00000030793.4;Pycard;0.155075836;5.14914E-12
ENSMUSG00000008683.16;Rps15a;0.155058107;5.80301E-54
ENSMUSG00000053317.11;Sec61b;0.155013382;3.39832E-15
ENSMUSG00000026189.13;Pecr;0.1549974;2.84294E-08
ENSMUSG00000046546.3;Fam43a;0.154482498;6.43842E-08
ENSMUSG00000027408.7;Cpxm1;0.154413836;0.009221413
ENSMUSG00000034161.8;Scx;0.154241235;0.018751036
ENSMUSG00000033938.5;Ndufb7;0.154223034;5.22539E-09
ENSMUSG00000044629.5;Cnrip1;0.154185123;0.009867821
ENSMUSG00000024871.11;Doc2g;0.154152522;1.49592E-07
ENSMUSG00000019194.15;Scn1b;0.1538135;6.42524E-51
ENSMUSG00000037563.15;Rps16;0.153671359;1.77241E-36
ENSMUSG00000042737.9;Dpm3;0.153285878;1.31772E-16
ENSMUSG00000059291.15;Rpl11;0.153232302;1.2217E-109
ENSMUSG00000020019.4;Ntn4;0.153135493;0.023459446
ENSMUSG00000036896.5;C1qc;0.152465276;2.17205E-31
ENSMUSG00000092622.8;Khdc3;0.152313717;0.01907442
ENSMUSG00000026198.15;Abcb6;0.151399076;6.667E-38
ENSMUSG00000002014.12;Ssr4;0.151106454;2.52137E-74
ENSMUSG00000025466.19;Fuom;0.150535665;5.89685E-24
ENSMUSG00000058600.13;Rpl30;0.150374072;6.73961E-91
ENSMUSG00000056629.16;Fkbp2;0.150019893;2.13859E-33
ENSMUSG00000023367.14;Tmem176a;0.149926891;4.16112E-08
ENSMUSG00000006333.14;Rps9;0.149839852;1.82551E-85
ENSMUSG00000043832.13;Clec4a3;0.149634079;7.1205E-38
ENSMUSG00000087687.3;Pet100;0.148952644;2.87311E-14
ENSMUSG00000096140.2;Ankrd66;0.148853294;7.06771E-07
ENSMUSG00000073002.9;Vamp5;0.148814367;1.91312E-40
ENSMUSG00000049751.6;Rpl36al;0.148589616;1.9825E-30
ENSMUSG00000029096.15;Htra3;0.148467327;3.558E-12
ENSMUSG00000021423.6;Ly86;0.148099443;2.12576E-58
ENSMUSG00000025869.11;Nop16;0.148041194;8.55542E-32
ENSMUSG00000028328.13;Tmod1;0.147458016;3.30522E-14
ENSMUSG00000026417.13;Pigr;0.147183584;0.002564412
ENSMUSG00000019158.9;Tmem160;0.147051571;5.88385E-13
ENSMUSG00000058084.5;Olfr825;0.146524335;6.91547E-05
ENSMUSG00000067529.2;Olfr1423;0.146044608;0.000468179
ENSMUSG00000048329.7;Mfsd6l;0.145551902;0.006968806
ENSMUSG00000010538.14;Tsacc;0.145117834;1.59003E-05
ENSMUSG00000038523.10;1700003F12Rik;0.145030259;0.000284235
ENSMUSG00000032598.8;Nckipsd;0.144557372;8.9974E-08
ENSMUSG00000076609.2;NA;0.144438296;0.038490735
ENSMUSG00000010021.13;Kif19a;0.144419202;1.11481E-09
ENSMUSG00000063457.14;Rps15;0.144316383;1.22322E-37
ENSMUSG00000019874.11;Fabp7;0.143311428;9.18117E-07
ENSMUSG00000001305.5;Rrp15;0.143019536;3.33765E-07
ENSMUSG00000015812.8;Gnrh1;0.142295759;0.000198713
ENSMUSG00000006732.14;Mettl1;0.142170908;7.74019E-09
ENSMUSG00000026023.16;Cdk15;0.142008389;3.9656E-09
ENSMUSG00000024397.14;Aif1;0.141874542;3.57268E-12
ENSMUSG00000042684.8;Npl;0.141835679;0.003170339
ENSMUSG00000039873.4;Neurl2;0.14085489;4.03255E-11
ENSMUSG00000035067.9;Xkr6;0.140650002;4.60863E-07
ENSMUSG00000025508.13;Rplp2;0.140119156;1.77129E-57
ENSMUSG00000060591.9;Ifitm2;0.139893285;1.4952E-126
ENSMUSG00000014030.15;Pax5;0.139267465;0.000616951
ENSMUSG00000060636.14;Rpl35a;0.139265766;2.99899E-56
ENSMUSG00000029189.10;Sel1l3;0.138841539;8.41174E-29
ENSMUSG00000036905.8;C1qb;0.138676517;1.71031E-72
ENSMUSG00000050777.7;Tmem37;0.138633552;1.31356E-09
ENSMUSG00000031818.12;Cox4i1;0.138409288;9.79876E-91
ENSMUSG00000040952.16;Rps19;0.138011045;5.84544E-24
ENSMUSG00000033429.10;Mcee;0.137723299;3.03815E-17
ENSMUSG00000042099.16;Kank3;0.137661985;9.66389E-26
ENSMUSG00000026458.13;Ppfia4;0.136588097;6.55835E-14
ENSMUSG00000032377.8;Plscr4;0.135985145;0.001749445
ENSMUSG00000001642.18;Akr1b3;0.135795185;1.14009E-10
ENSMUSG00000048142.9;Nat8l;0.135534359;5.93596E-06
ENSMUSG00000040824.3;Snrpd2;0.135266343;5.3899E-22
ENSMUSG00000025794.9;Rpl14;0.13512906;1.37921E-77
ENSMUSG00000059070.16;Rpl18;0.134961999;2.6882E-115
ENSMUSG00000093866.3;Olfr802;0.134874455;0.036143636
ENSMUSG00000060032.6;H2afj;0.134732373;1.06955E-21
ENSMUSG00000020857.11;Nme2;0.134710527;1.9671E-15
ENSMUSG00000030329.11;Pianp;0.134383535;9.05264E-05
ENSMUSG00000006378.15;Gcat;0.134204848;2.55579E-05
ENSMUSG00000048772.15;Tmem53;0.133995622;6.70157E-08
ENSMUSG00000022220.14;Adcy4;0.133981968;0.000103758
ENSMUSG00000017204.4;Gsdma;0.133788043;0.006424536
ENSMUSG00000047721.8;Bola2;0.133708955;4.32079E-17
ENSMUSG00000045128.9;Rpl18a;0.133634619;2.68868E-58
ENSMUSG00000035835.14;Plppr3;0.133565706;0.01124517
ENSMUSG00000024842.8;Cabp4;0.133346443;0.001888826
ENSMUSG00000068697.7;Myoz1;0.133093492;1.20067E-11
ENSMUSG00000012017.4;Scarf2;0.133021129;2.8886E-06
ENSMUSG00000030699.16;Tbx6;0.13287613;0.00042075
ENSMUSG00000062382.9;LOC100862446;0.132642957;1.61647E-15
ENSMUSG00000047238.4;Mageh1;0.132268331;0.004085582
ENSMUSG00000109493.1;NA;0.132077262;0.004417865
ENSMUSG00000015452.14;Ager;0.131812024;5.89366E-06
ENSMUSG00000113061.1;NA;0.131478459;0.039555903
ENSMUSG00000023348.11;Trip6;0.131474065;9.03958E-20
ENSMUSG00000050552.8;Lamtor4;0.131399925;2.10581E-16
ENSMUSG00000032010.15;Usp2;0.130963998;2.87929E-05
ENSMUSG00000052212.6;Cd177;0.130117199;6.96288E-09
ENSMUSG00000037805.15;Rpl10a;0.130086591;5.66275E-95
ENSMUSG00000078193.2;NA;0.130052601;2.58562E-05
ENSMUSG00000108827.3;Olfr1310;0.129804314;2.24447E-05
ENSMUSG00000021418.15;Rpp40;0.129606989;0.000155473
ENSMUSG00000075705.12;Msrb1;0.129318499;5.9416E-101
ENSMUSG00000049536.5;Tceal1;0.128877517;3.75567E-07
ENSMUSG00000046330.10;Rpl37a;0.128866054;6.2859E-105
ENSMUSG00000030579.10;Tyrobp;0.128583653;1.8189E-147
ENSMUSG00000036833.16;Pnpla7;0.128400535;3.77887E-12
ENSMUSG00000047250.13;Ptgs1;0.128338247;2.85445E-06
ENSMUSG00000017493.12;Igfbp4;0.127732339;4.08095E-05
ENSMUSG00000040722.7;Scamp5;0.127589746;7.8361E-09
ENSMUSG00000055782.9;Abcd2;0.127150272;8.86216E-21
ENSMUSG00000029059.9;Prxl2b;0.127093032;3.37049E-18
ENSMUSG00000059149.17;Mfsd4a;0.126968403;3.09624E-10
ENSMUSG00000032066.9;Bco2;0.125739544;3.25465E-16
ENSMUSG00000020892.10;Aloxe3;0.125691056;0.043777527
ENSMUSG00000018470.8;Kcnab3;0.125627774;3.35881E-06
ENSMUSG00000033752.7;Mnd1;0.125545246;0.006742071
ENSMUSG00000029162.15;Khk;0.125308893;2.17397E-43
ENSMUSG00000054932.6;Afp;0.124676508;8.34394E-07
ENSMUSG00000031480.15;Thsd1;0.124603997;0.003653614
ENSMUSG00000041801.5;Phlda3;0.124499246;2.4233E-05
ENSMUSG00000052698.15;Tln2;0.12444624;1.98268E-05
ENSMUSG00000059956.14;Serpinb12;0.12409815;0.02712138
ENSMUSG00000072778.3;Vmn2r27;0.123964027;0.001730804
ENSMUSG00000041841.8;Rpl37;0.12369845;5.21139E-71
ENSMUSG00000096145.2;Vkorc1;0.123386242;9.03829E-18
ENSMUSG00000068431.3;Olfr742;0.123132123;0.009749025
ENSMUSG00000031425.15;Plp1;0.12308398;2.86374E-14
ENSMUSG00000025732.6;Mcrip2;0.122728528;3.12188E-08
ENSMUSG00000044937.15;Ttc41;0.122598753;0.003406438
ENSMUSG00000034634.7;Ly6d;0.12213528;0.003793885
ENSMUSG00000072972.3;Adam4;0.121749104;0.007966633
ENSMUSG00000057322.12;Rpl38;0.119755382;3.88822E-58
ENSMUSG00000051652.4;Lrrc3;0.119505608;8.41239E-07
ENSMUSG00000110234.2;Timm10b;0.11948388;0.005289906
ENSMUSG00000046152.16;Fut10;0.119335293;0.002960363
ENSMUSG00000030148.15;Clec4a2;0.119251676;1.4733E-13
ENSMUSG00000068231.5;Vmn1r43;0.118556995;9.44993E-07
ENSMUSG00000029510.15;Gpc2;0.118314912;1.63405E-09
ENSMUSG00000031458.8;Coprs;0.11812195;8.52093E-16
ENSMUSG00000074340.9;Ovgp1;0.117310255;0.015587742
ENSMUSG00000060244.1;Alyref2;0.117094232;2.11952E-08
ENSMUSG00000067847.13;Romo1;0.116990662;1.48581E-16
ENSMUSG00000054728.17;Phactr1;0.116949034;2.11721E-07
ENSMUSG00000034265.8;Zdhhc14;0.11691142;1.3655E-10
ENSMUSG00000002769.9;Gnmt;0.116795685;0.009553078
ENSMUSG00000035458.15;Tnni3;0.116627168;4.27526E-05
ENSMUSG00000038489.8;Polr2l;0.116194054;4.51471E-07
ENSMUSG00000039377.7;Hlx;0.116082634;2.43699E-28
ENSMUSG00000024608.11;Rps14;0.115936208;1.3672E-41
ENSMUSG00000016624.15;Phf21b;0.115881192;3.30735E-07
ENSMUSG00000020234.10;4930404N11Rik;0.115290029;0.00741132
ENSMUSG00000040269.5;Mrps28;0.114667607;2.98758E-18
ENSMUSG00000053395.15;Cacng8;0.114631419;0.011493057
ENSMUSG00000030159.15;Clec1b;0.113983761;3.90016E-05
ENSMUSG00000036957.8;Lrfn3;0.113618803;1.14345E-08
ENSMUSG00000023262.13;Acy1;0.113058959;0.000169978
ENSMUSG00000020377.15;Ltc4s;0.112480023;0.000144416
ENSMUSG00000001249.14;Hpn;0.112266797;1.43408E-22
ENSMUSG00000025492.6;Ifitm3;0.112071899;1.05071E-18
ENSMUSG00000040724.5;Kcna2;0.111874526;0.002204651
ENSMUSG00000039001.12;Rps21;0.11163298;7.51704E-96
ENSMUSG00000024957.9;Kcnk4;0.111140606;5.10953E-11
ENSMUSG00000028949.13;Smarcd3;0.111124228;0.000911838
ENSMUSG00000009731.4;Kcnd1;0.110955836;0.007668943
ENSMUSG00000026938.10;Fcna;0.110811524;3.22164E-77
ENSMUSG00000044303.6;Cdkn2a;0.110795641;3.46239E-24
ENSMUSG00000032204.13;Aqp9;0.11067138;1.09906E-25
ENSMUSG00000108265.2;Olfr318;0.110519614;3.1781E-05
ENSMUSG00000030589.15;Rasgrp4;0.110197224;6.0823E-40
ENSMUSG00000020814.13;Mxra7;0.109988887;0.009797151
ENSMUSG00000090264.1;Eif4ebp3;0.109907042;6.3593E-21
ENSMUSG00000079484.12;Phyhd1;0.109805563;4.29444E-38
ENSMUSG00000114432.1;NA;0.109408119;0.009840997
ENSMUSG00000101031.2;Ms4a12;0.109372803;5.76987E-06
ENSMUSG00000054951.3;9130008F23Rik;0.108880032;4.66305E-09
ENSMUSG00000003526.12;Prodh;0.10873277;7.64941E-09
ENSMUSG00000036459.15;Wtip;0.108670998;5.52738E-09
ENSMUSG00000052062.14;Pard3b;0.108038112;8.75048E-05
ENSMUSG00000027173.7;Depdc7;0.107956701;3.89559E-08
ENSMUSG00000073422.11;H2-Ke6;0.107867149;1.47604E-35
ENSMUSG00000020604.13;Arsg;0.107851145;2.47089E-14
ENSMUSG00000026941.16;Mamdc4;0.107431495;0.000955231
ENSMUSG00000047911.6;Npm2;0.106929434;0.002449475
ENSMUSG00000002289.16;Angptl4;0.106881001;0.000745664
ENSMUSG00000022947.8;Cbr3;0.106859231;1.92827E-18
ENSMUSG00000069835.10;Sat2;0.106694691;0.014665553
ENSMUSG00000030088.15;Aldh1l1;0.106449952;4.58393E-17
ENSMUSG00000044080.9;S100a1;0.106285754;2.14734E-11
ENSMUSG00000037370.13;Enpp1;0.106101692;0.000156661
ENSMUSG00000017713.9;Tha1;0.105960303;1.75637E-10
ENSMUSG00000000739.14;Sult5a1;0.10532411;7.4545E-08
ENSMUSG00000026715.12;Serpinc1;0.104327271;0.018008133
ENSMUSG00000025491.14;Ifitm1;0.104280442;8.25203E-36
ENSMUSG00000024210.3;Ip6k3;0.104051702;0.000479316
ENSMUSG00000016356.18;Col20a1;0.10318202;0.000359613
ENSMUSG00000004842.18;Pou1f1;0.102675303;1.68289E-08
ENSMUSG00000050772.2;Olfr1124;0.102460786;0.001659887
ENSMUSG00000046323.8;Dppa3;0.102229729;0.031990937
ENSMUSG00000051043.16;Gprc5c;0.102201314;0.046480679
ENSMUSG00000036504.6;Phpt1;0.102022288;3.1881E-35
ENSMUSG00000030020.13;Prickle2;0.101942679;0.005258011
ENSMUSG00000057447.2;Olfr1205;0.1017687;0.003333284
ENSMUSG00000022540.16;Rogdi;0.101402447;1.38132E-18
ENSMUSG00000062480.12;Acat3;0.100201222;0.002434266
ENSMUSG00000070390.12;Nlrp1b;0.099782384;2.43143E-06
ENSMUSG00000025537.12;Phkg1;0.099507381;0.000461646
ENSMUSG00000030844.11;Rgs10;0.099039568;2.72634E-63
ENSMUSG00000039452.6;Snx22;0.09878101;0.006063133
ENSMUSG00000064137.6;Rhox8;0.098132876;2.20867E-06
ENSMUSG00000031142.17;Cacna1f;0.097870547;3.57013E-06
ENSMUSG00000028139.5;Riiad1;0.096841414;0.025219342
ENSMUSG00000090145.7;Ugt1a6b;0.096691606;3.66024E-17
ENSMUSG00000022419.16;Deptor;0.095861463;2.97462E-21
ENSMUSG00000027329.9;Spef1;0.095137828;1.25335E-11
ENSMUSG00000022941.8;Ripply3;0.094329309;1.54454E-08
ENSMUSG00000031144.15;Syp;0.093610049;1.93127E-11
ENSMUSG00000074476.6;Spc24;0.092740416;2.82483E-11
ENSMUSG00000072772.3;Grcc10;0.09248805;1.47239E-51
ENSMUSG00000096630.2;Vmn2r26;0.092389686;7.07618E-20
ENSMUSG00000032915.6;Adgre4;0.091015252;0.000294421
ENSMUSG00000061740.8;Cyp2d22;0.090923926;1.58371E-06
ENSMUSG00000026765.12;Lypd6b;0.090292857;6.64474E-05
ENSMUSG00000025401.9;Myo1a;0.089663596;0.010184169
ENSMUSG00000038811.13;Gngt2;0.089517764;6.52417E-26
ENSMUSG00000032556.11;Bfsp2;0.089194047;0.000115264
ENSMUSG00000032554.15;Trf;0.088634397;1.77485E-46
ENSMUSG00000036856.4;Wnt4;0.088300093;1.12192E-16
ENSMUSG00000017002.14;Slpi;0.086817773;1.91265E-08
ENSMUSG00000070816.3;Vmn1r86;0.086730997;0.001652125
ENSMUSG00000019989.8;Enpp3;0.085802099;0.000854953
ENSMUSG00000040026.8;Saa3;0.085560321;4.09146E-07
ENSMUSG00000020017.14;Hal;0.085528814;0.000347727
ENSMUSG00000038415.10;Foxq1;0.085255211;1.09025E-05
ENSMUSG00000005824.7;Tnfsf14;0.085222618;8.44175E-10
ENSMUSG00000004032.10;Gstm5;0.085219954;5.47621E-14
ENSMUSG00000050103.18;Agmo;0.084959172;0.003670301
ENSMUSG00000093593.1;NA;0.084561939;0.000623951
ENSMUSG00000035783.9;Acta2;0.083976781;1.43668E-08
ENSMUSG00000023046.6;Igfbp6;0.08396342;9.02753E-05
ENSMUSG00000074093.4;Svip;0.083638757;2.10034E-11
ENSMUSG00000042770.8;Hebp1;0.083567138;3.40244E-19
ENSMUSG00000001020.8;S100a4;0.083417774;4.10611E-08
ENSMUSG00000027364.14;Usp50;0.08297627;3.6231E-05
ENSMUSG00000023800.15;Tiam2;0.082906493;2.46855E-09
ENSMUSG00000026126.15;Ptpn18;0.082489387;8.05997E-53
ENSMUSG00000058174.7;Gm5148;0.082288894;0.000122603
ENSMUSG00000040564.14;Apoc1;0.082062908;3.04166E-13
ENSMUSG00000015843.10;Rxrg;0.081598699;0.002050346
ENSMUSG00000025479.9;Cyp2e1;0.081223492;1.40608E-05
ENSMUSG00000025461.11;Cd163l1;0.081009073;0.00230262
ENSMUSG00000031451.6;Gas6;0.080733955;4.62975E-05
ENSMUSG00000032946.16;Rasgrp2;0.080637241;1.35975E-33
ENSMUSG00000056281.4;Olfr1322;0.079636208;0.00156135
ENSMUSG00000017754.13;Pltp;0.079478974;4.41982E-76
ENSMUSG00000028957.12;Per3;0.079434312;4.11374E-05
ENSMUSG00000038884.14;Shfl;0.079287943;4.71204E-18
ENSMUSG00000006538.12;Ihh;0.077929354;0.007250154
ENSMUSG00000036887.5;C1qa;0.077587667;3.88979E-73
ENSMUSG00000029373.7;Pf4;0.077265362;7.16303E-07
ENSMUSG00000015467.14;Egfl8;0.077231937;4.66043E-11
ENSMUSG00000074037.3;Mc1r;0.075927374;7.9361E-07
ENSMUSG00000025330.6;Padi4;0.075441311;9.24898E-13
ENSMUSG00000030074.9;Gxylt2;0.075131701;6.33933E-10
ENSMUSG00000019718.8;L3hypdh;0.07402784;4.07802E-05
ENSMUSG00000036800.8;Fam135b;0.073749362;0.003094749
ENSMUSG00000115067.1;Dpep2;0.073191897;1.47863E-05
ENSMUSG00000057132.16;Rpgrip1;0.07237549;8.45867E-07
ENSMUSG00000001128.7;Cfp;0.071554528;7.99802E-16
ENSMUSG00000079017.3;Ifi27l2a;0.070534862;8.44616E-35
ENSMUSG00000048200.12;Cracr2b;0.070498854;2.17205E-31
ENSMUSG00000037664.13;Cdkn1c;0.070093443;2.37533E-11
ENSMUSG00000054612.4;Mgmt;0.069767113;9.82506E-11
ENSMUSG00000022199.12;Slc22a17;0.069563485;5.66923E-14
ENSMUSG00000091228.1;NA;0.068144901;1.53895E-07
ENSMUSG00000007030.8;Vwa7;0.067218818;0.008848365
ENSMUSG00000003355.7;Fkbp11;0.065516885;2.75887E-07
ENSMUSG00000000560.9;Gabra2;0.065266846;9.12612E-05
ENSMUSG00000024268.16;Celf4;0.065206676;4.89937E-10
ENSMUSG00000090799.2;Klhl33;0.06487157;8.1356E-17
ENSMUSG00000006611.15;Hfe;0.064515677;3.1244E-18
ENSMUSG00000068205.14;Macrod2;0.063963949;8.7766E-08
ENSMUSG00000021700.10;Rab3c;0.063592355;1.06875E-13
ENSMUSG00000021614.16;Vcan;0.063319528;1.37647E-20
ENSMUSG00000074115.5;Saa1;0.063285097;0.006657501
ENSMUSG00000058126.7;NA;0.063155124;0.001385103
ENSMUSG00000059412.7;Fxyd2;0.063094102;4.85966E-11
ENSMUSG00000010362.9;Rdm1;0.062083297;2.41342E-12
ENSMUSG00000040658.7;Dnph1;0.062076475;1.04132E-06
ENSMUSG00000027833.16;Shox2;0.061903176;7.07377E-05
ENSMUSG00000071847.13;Apcdd1;0.06162245;0.005493784
ENSMUSG00000008845.9;Cd163;0.061110476;0.000118405
ENSMUSG00000037683.14;Armc3;0.061047024;0.0019073
ENSMUSG00000002985.16;Apoe;0.060269052;1.44371E-68
ENSMUSG00000029810.15;Tmem176b;0.05735973;4.32952E-38
ENSMUSG00000046442.4;Ppm1e;0.057298105;2.42175E-07
ENSMUSG00000079429.9;Mroh2a;0.056974281;1.10109E-07
ENSMUSG00000083282.3;Ctsf;0.056569608;1.5336E-13
ENSMUSG00000031898.9;Dpep3;0.056338945;5.20046E-15
ENSMUSG00000089665.2;Fcor;0.056087087;7.0199E-42
ENSMUSG00000006529.16;Itih1;0.056063599;0.014194499
ENSMUSG00000002007.5;Srpk3;0.055528186;0.00012881
ENSMUSG00000023094.14;Msrb2;0.055497086;1.05311E-09
ENSMUSG00000013974.3;Mcemp1;0.055174103;6.48402E-46
ENSMUSG00000021259.5;Cyp46a1;0.054934763;0.023659
ENSMUSG00000033857.12;Engase;0.053991433;5.4389E-07
ENSMUSG00000030246.11;Ldhb;0.053891786;1.72945E-18
ENSMUSG00000038068.15;Rnf144b;0.052930657;1.28065E-15
ENSMUSG00000026360.9;Rgs2;0.05254826;2.0345E-08
ENSMUSG00000095788.6;Sirpb1a;0.05168422;3.41353E-14
ENSMUSG00000070858.12;Gm1673;0.051470543;6.55082E-07
ENSMUSG00000070868.11;Skint3;0.051081223;1.8397E-06
ENSMUSG00000051182.5;Olfr655;0.051060158;0.000760615
ENSMUSG00000044229.9;Nxpe4;0.049953941;0.000133369
ENSMUSG00000074623.4;Gm826;0.049799059;0.010693608
ENSMUSG00000041797.7;Abca9;0.049465942;1.44191E-09
ENSMUSG00000025328.9;Padi3;0.048903724;7.55568E-12
ENSMUSG00000024013.15;Fgd2;0.048437204;4.92707E-08
ENSMUSG00000037224.15;Zfyve28;0.048011777;4.04631E-05
ENSMUSG00000107023.2;NA;0.047752667;4.41267E-58
ENSMUSG00000057722.17;Lepr;0.047614118;7.70374E-15
ENSMUSG00000021208.9;Ifi27l2b;0.046905607;3.62838E-08
ENSMUSG00000025701.12;Alox5;0.04676658;3.04333E-17
ENSMUSG00000070891.2;NA;0.046310271;1.06669E-10
ENSMUSG00000021974.15;Fgf9;0.045181882;0.011669404
ENSMUSG00000118298.1;Vmn1r60;0.043191069;2.08478E-18
ENSMUSG00000071637.5;Cebpd;0.04234126;3.13099E-15
ENSMUSG00000030069.15;Prok2;0.041935066;1.04882E-11
ENSMUSG00000005373.13;Mlxipl;0.041662281;8.10932E-07
ENSMUSG00000069117.4;NA;0.041379697;0.001367461
ENSMUSG00000033032.15;Afap1l1;0.041364124;2.45492E-05
ENSMUSG00000026579.8;F5;0.040281667;2.30724E-07
ENSMUSG00000025489.5;Ifitm5;0.036690859;3.55602E-08
ENSMUSG00000022658.10;Tagln3;0.036363222;0.000416207
ENSMUSG00000007805.4;Twist2;0.035104187;0.000127274
ENSMUSG00000063060.6;Sox7;0.034922006;0.000130634
ENSMUSG00000001870.16;Ltbp1;0.034388685;2.438E-33
ENSMUSG00000026170.6;Cyp27a1;0.034219371;7.46656E-08
ENSMUSG00000062515.3;Fabp4;0.033041801;3.81924E-08
ENSMUSG00000027318.17;Adam33;0.032108236;2.42637E-05
ENSMUSG00000052516.19;Robo2;0.031089476;3.32305E-08
ENSMUSG00000060512.7;0610040J01Rik;0.030657604;4.75648E-06
ENSMUSG00000009614.16;Sardh;0.030364947;5.45671E-05
ENSMUSG00000031097.15;Tnni2;0.02875704;2.09153E-05
ENSMUSG00000037095.8;Lrg1;0.028661489;2.70642E-27
ENSMUSG00000031849.9;Comp;0.028240909;3.96031E-07
ENSMUSG00000030731.13;Syt3;0.027266526;0.003296118
ENSMUSG00000089960.1;Ugt1a1;0.02681035;0.001556193
ENSMUSG00000001493.9;Meox1;0.025216324;1.50748E-06
ENSMUSG00000093668.3;Pou5f2;0.025114356;1.24488E-05
ENSMUSG00000026580.16;Selp;0.024743059;3.71296E-12
ENSMUSG00000059824.12;Dbp;0.024377898;3.4912E-08
ENSMUSG00000022610.10;Mapk12;0.024156059;2.7962E-12
ENSMUSG00000044206.3;Vsig4;0.023989066;4.50679E-08
ENSMUSG00000096370.8;Gm21992;0.023922865;1.23885E-20
ENSMUSG00000095028.6;Sirpb1b;0.0232213;1.22822E-23
ENSMUSG00000038721.8;Hoxb7;0.022267253;7.74941E-05
ENSMUSG00000029245.16;Epha5;0.022208546;2.33353E-17
ENSMUSG00000023993.7;Treml1;0.021499136;0.002737238
ENSMUSG00000057465.5;Saa2;0.021345554;3.16529E-06
ENSMUSG00000006930.15;Hap1;0.020753133;3.21238E-10
ENSMUSG00000065987.12;Cd209b;0.020622523;0.001206856
ENSMUSG00000023052.8;Npff;0.02029757;3.65898E-05
ENSMUSG00000057729.12;Prtn3;0.019934784;9.60319E-12
ENSMUSG00000074677.11;Sirpb1c;0.01954174;7.79808E-41
ENSMUSG00000017969.13;Ptgis;0.019258105;7.1413E-30
ENSMUSG00000025150.10;Cbr2;0.019106995;0.002901401
ENSMUSG00000078780.7;Gm5150;0.017089787;1.26392E-24
ENSMUSG00000032271.13;Nnmt;0.016117865;2.39029E-17
ENSMUSG00000094884.3;NA;0.016063094;0.005690908
ENSMUSG00000069609.7;Cd300ld4;0.015975095;1.70041E-06
ENSMUSG00000079165.10;Sap25;0.015567356;0.016663724
ENSMUSG00000061322.15;Dnaic1;0.015169026;4.57612E-05
ENSMUSG00000047094.9;Ofcc1;0.0142605;1.30466E-10
ENSMUSG00000035228.15;Ccdc106;0.01409623;5.66621E-05
ENSMUSG00000056071.12;S100a9;0.013189515;0.000555146
ENSMUSG00000015852.13;Fcrls;0.012218039;0.000200692
ENSMUSG00000091859.2;Vmn2r100;0.012151022;1.76197E-05
ENSMUSG00000028031.6;Dkk2;0.011202038;2.85813E-13
ENSMUSG00000026357.3;Rgs18;0.010673283;9.86056E-07
ENSMUSG00000061100.5;Retnla;0.010591981;8.06086E-26
ENSMUSG00000030147.12;Clec4b1;0.010025901;0.000652189
ENSMUSG00000047592.17;Nxpe5;0.008569976;9.84732E-19
ENSMUSG00000030711.16;Sult1a1;0.007602412;5.90739E-05
ENSMUSG00000089943.1;Ugt1a5;0.006745505;0.005233593
ENSMUSG00000042616.8;Oscp1;0.006221559;2.71647E-13
ENSMUSG00000059108.4;Ifitm6;0.006170485;3.98476E-39
ENSMUSG00000018924.6;Alox15;0.006076698;1.24094E-25
ENSMUSG00000066878.5;NA;0.005771236;0.003342714
ENSMUSG00000020774.9;Aspa;0.005181809;2.00535E-06
ENSMUSG00000052631.15;Sh2d6;0.00478207;0.000152231
ENSMUSG00000050493.8;Fam167b;0.004695516;0.000311237
ENSMUSG00000012705.16;Retn;0.003538264;3.91897E-08
ENSMUSG00000063412.4;NA;0.003457182;9.61318E-06
ENSMUSG00000023036.14;Pcdhgc4;0.00328104;1.48161E-15
ENSMUSG00000036826.14;Igflr1;0.001154815;3.33635E-14
ENSMUSG00000069917.7;Hba-a2;0.000859856;8.64242E-26
ENSMUSG00000073940.3;Hbb-bt;0.000761889;1.79247E-12
ENSMUSG00000052305.6;Hbb-b1;0.00073354;1.32031E-30
ENSMUSG00000069919.7;Hba-a1;0.000145758;5.61503E-21