Gene;symbol;log2FoldChange;padj
ENSMUSG00000069919.7;Hba-a1;13.33566314;5.36578E-19
ENSMUSG00000052305.6;Hbb-b1;11.003959;3.57658E-41
ENSMUSG00000069917.7;Hba-a2;10.87710412;3.99134E-23
ENSMUSG00000073940.3;Hbb-bt;10.39804988;2.28668E-11
ENSMUSG00000023078.6;Cxcl13;8.40583576;4.40678E-69
ENSMUSG00000025270.13;Alas2;7.650451898;3.99283E-07
ENSMUSG00000050493.8;Fam167b;7.517559049;2.15852E-07
ENSMUSG00000032915.6;Adgre4;7.317633349;6.58331E-34
ENSMUSG00000038276.12;Asic3;6.991154841;1.01456E-07
ENSMUSG00000036826.14;Igflr1;6.942370642;5.20075E-07
ENSMUSG00000026357.3;Rgs18;6.842369316;1.95444E-09
ENSMUSG00000021702.7;Thbs4;6.637234637;2.72823E-06
ENSMUSG00000044206.3;Vsig4;6.633872549;1.72893E-26
ENSMUSG00000018924.6;Alox15;6.574560984;9.583E-119
ENSMUSG00000059108.4;Ifitm6;6.366340712;6.00445E-51
ENSMUSG00000047592.17;Nxpe5;6.013587915;3.33196E-16
ENSMUSG00000022997.9;Wnt1;5.934399236;2.79439E-05
ENSMUSG00000028031.6;Dkk2;5.715770958;6.22403E-13
ENSMUSG00000021614.16;Vcan;5.641002751;0
ENSMUSG00000015852.13;Fcrls;5.633292669;7.42329E-05
ENSMUSG00000069609.7;Cd300ld4;5.605950575;1.2408E-10
ENSMUSG00000061100.5;Retnla;5.570981622;4.8969E-72
ENSMUSG00000108815.1;NA;5.490102226;4.39725E-05
ENSMUSG00000041797.7;Abca9;5.440219615;6.09347E-62
ENSMUSG00000008845.9;Cd163;5.356095601;1.82338E-20
ENSMUSG00000009614.16;Sardh;5.341224308;1.31338E-07
ENSMUSG00000046152.16;Fut10;5.280971471;1.62815E-17
ENSMUSG00000115232.1;NA;5.242944065;2.79298E-11
ENSMUSG00000071847.13;Apcdd1;5.219069732;3.25193E-07
ENSMUSG00000020017.14;Hal;5.142267543;3.46599E-16
ENSMUSG00000030731.13;Syt3;4.943663487;0.000654091
ENSMUSG00000001870.16;Ltbp1;4.8932586;6.47471E-29
ENSMUSG00000025701.12;Alox5;4.821825606;7.9497E-182
ENSMUSG00000037224.15;Zfyve28;4.773306478;3.8722E-09
ENSMUSG00000042684.8;Npl;4.724164274;2.79368E-10
ENSMUSG00000047094.9;Ofcc1;4.677061211;1.35128E-06
ENSMUSG00000027318.17;Adam33;4.675825075;1.97508E-08
ENSMUSG00000070880.10;Gad1;4.641724817;0.000438695
ENSMUSG00000022756.17;Slc7a4;4.604918614;0.000206855
ENSMUSG00000032315.6;Cyp1a1;4.590675128;8.33814E-26
ENSMUSG00000028539.14;Artn;4.538995344;4.75098E-06
ENSMUSG00000057729.12;Prtn3;4.467381668;2.01101E-08
ENSMUSG00000027848.12;Olfml3;4.464989061;1.84767E-16
ENSMUSG00000029372.7;Ppbp;4.330741697;5.54047E-44
ENSMUSG00000031849.9;Comp;4.324778811;5.14431E-06
ENSMUSG00000089960.1;Ugt1a1;4.321306306;0.000590554
ENSMUSG00000038540.14;Tmc3;4.228752915;1.77232E-69
ENSMUSG00000001020.8;S100a4;4.225781421;1.13529E-76
ENSMUSG00000033032.15;Afap1l1;4.191575226;1.53868E-11
ENSMUSG00000033740.17;St18;4.147426825;2.38327E-05
ENSMUSG00000007805.4;Twist2;4.114302602;0.000228276
ENSMUSG00000052698.15;Tln2;4.056020416;1.40651E-48
ENSMUSG00000070390.12;Nlrp1b;4.036839156;9.74498E-14
ENSMUSG00000001493.9;Meox1;4.002347587;0.000123153
ENSMUSG00000030329.11;Pianp;3.991683516;2.37753E-10
ENSMUSG00000021765.9;Fst;3.953666955;5.07543E-08
ENSMUSG00000066235.7;Pomgnt2;3.945612465;1.13802E-06
ENSMUSG00000006930.15;Hap1;3.942970336;8.23038E-07
ENSMUSG00000020092.9;Pald1;3.933982189;2.8973E-17
ENSMUSG00000015843.10;Rxrg;3.817644452;9.66539E-06
ENSMUSG00000044229.9;Nxpe4;3.798508324;1.08073E-22
ENSMUSG00000072875.2;Gpr27;3.75061614;6.10704E-05
ENSMUSG00000007030.8;Vwa7;3.722471704;0.002875905
ENSMUSG00000027315.13;Spint1;3.715744878;4.2226E-205
ENSMUSG00000030020.13;Prickle2;3.713536933;0.000221877
ENSMUSG00000048058.17;Ldlrad3;3.713057695;7.18995E-27
ENSMUSG00000063234.5;Gpr84;3.703159336;1.65896E-51
ENSMUSG00000059956.14;Serpinb12;3.689817124;0.000194412
ENSMUSG00000030159.15;Clec1b;3.683688226;9.41091E-11
ENSMUSG00000063060.6;Sox7;3.668829395;3.75116E-05
ENSMUSG00000021575.16;Ahrr;3.660071985;1.3863E-187
ENSMUSG00000006435.16;Neurl1a;3.636002178;0.000290272
ENSMUSG00000038816.14;Ctnnal1;3.630115463;0.000462764
ENSMUSG00000060512.7;0610040J01Rik;3.613708492;0.001759526
ENSMUSG00000014782.16;Plekhg4;3.577058236;6.53542E-05
ENSMUSG00000074677.11;Sirpb1c;3.573919833;1.04248E-25
ENSMUSG00000095028.6;Sirpb1b;3.564580256;8.13972E-07
ENSMUSG00000020264.5;Slc36a2;3.538482688;6.31542E-07
ENSMUSG00000048142.9;Nat8l;3.533276924;1.98387E-10
ENSMUSG00000041633.14;Kctd12b;3.488322977;2.49222E-14
ENSMUSG00000052062.14;Pard3b;3.486266397;2.54499E-08
ENSMUSG00000039765.15;Cc2d2a;3.453274174;2.45009E-09
ENSMUSG00000022103.10;Gfra2;3.449236419;7.57873E-12
ENSMUSG00000017969.13;Ptgis;3.444980743;2.41895E-86
ENSMUSG00000024087.4;Cyp1b1;3.4400296;5.32975E-15
ENSMUSG00000038068.15;Rnf144b;3.436609026;4.44395E-22
ENSMUSG00000032530.14;Lyzl4;3.425247259;0.003431426
ENSMUSG00000022996.15;Wnt10b;3.423051856;3.9986E-07
ENSMUSG00000006529.16;Itih1;3.422174949;2.18098E-05
ENSMUSG00000029189.10;Sel1l3;3.4027918;3.3443E-156
ENSMUSG00000030409.16;Dmpk;3.392116484;1.4807E-11
ENSMUSG00000000617.14;Grm6;3.377830755;0.000568853
ENSMUSG00000092572.7;Serpinb10;3.367350395;1.34352E-06
ENSMUSG00000006611.15;Hfe;3.353914945;6.56072E-31
ENSMUSG00000059412.7;Fxyd2;3.353014659;8.9743E-28
ENSMUSG00000030246.11;Ldhb;3.349525077;9.32313E-13
ENSMUSG00000021708.17;Rasgrf2;3.316676602;0.001696791
ENSMUSG00000000204.16;Slfn4;3.31322385;3.85537E-61
ENSMUSG00000023094.14;Msrb2;3.311576875;2.59776E-08
ENSMUSG00000078780.7;Gm5150;3.306201757;4.13737E-10
ENSMUSG00000032827.15;Ppp1r9a;3.290704505;2.2869E-28
ENSMUSG00000027322.11;Siglec1;3.290020194;1.11857E-10
ENSMUSG00000025330.6;Padi4;3.284922935;1.17658E-54
ENSMUSG00000029810.15;Tmem176b;3.28450035;4.91113E-51
ENSMUSG00000036887.5;C1qa;3.282587899;2.11525E-69
ENSMUSG00000024013.15;Fgd2;3.253481252;8.95166E-13
ENSMUSG00000034926.3;Dhcr24;3.24191894;8.95552E-87
ENSMUSG00000096370.8;Gm21992;3.223547466;1.31685E-11
ENSMUSG00000030747.5;Dgat2;3.2150535;4.41195E-26
ENSMUSG00000046080.17;Clec9a;3.213920387;1.65378E-21
ENSMUSG00000053395.15;Cacng8;3.189780483;0.001173853
ENSMUSG00000026579.8;F5;3.179577194;1.09881E-26
ENSMUSG00000029377.5;Ereg;3.177807225;0.000834745
ENSMUSG00000021676.10;Iqgap2;3.175206213;6.4951E-55
ENSMUSG00000047250.13;Ptgs1;3.170163153;1.1801E-250
ENSMUSG00000025491.14;Ifitm1;3.169332411;4.94319E-39
ENSMUSG00000010663.5;Fads1;3.167159098;4.17324E-91
ENSMUSG00000032010.15;Usp2;3.1563996;6.93773E-09
ENSMUSG00000020053.18;Igf1;3.138966234;2.91138E-90
ENSMUSG00000039783.15;Kmo;3.133206805;1.11782E-06
ENSMUSG00000026675.12;Hsd17b7;3.121291657;3.56693E-35
ENSMUSG00000112241.1;NA;3.09506333;1.11548E-08
ENSMUSG00000040658.7;Dnph1;3.08192268;2.07213E-08
ENSMUSG00000006378.15;Gcat;3.077877163;2.88867E-10
ENSMUSG00000026730.12;Pter;3.075833529;4.10214E-09
ENSMUSG00000026616.16;Cr2;3.062181296;1.46218E-06
ENSMUSG00000032271.13;Nnmt;3.046842827;2.82533E-09
ENSMUSG00000101389.1;Ms4a4a;3.045590345;2.7283E-184
ENSMUSG00000029287.14;Tgfbr3;3.018195892;1.54743E-20
ENSMUSG00000095079.6;NA;3.017816857;1.38526E-08
ENSMUSG00000024663.20;Rab3il1;2.998607924;1.14214E-15
ENSMUSG00000031004.8;Mki67;2.996626521;3.97824E-93
ENSMUSG00000005824.7;Tnfsf14;2.992993002;5.00706E-71
ENSMUSG00000002007.5;Srpk3;2.986792678;0.000465804
ENSMUSG00000025153.9;Fasn;2.982185583;1.34575E-73
ENSMUSG00000037095.8;Lrg1;2.98164049;9.10738E-07
ENSMUSG00000027995.10;Tlr2;2.975521827;4.4947E-144
ENSMUSG00000030088.15;Aldh1l1;2.97443045;2.9399E-19
ENSMUSG00000073386.5;9830107B12Rik;2.968072329;4.89543E-05
ENSMUSG00000004359.16;Spic;2.962134702;3.64946E-41
ENSMUSG00000071637.5;Cebpd;2.961350593;9.0834E-49
ENSMUSG00000079419.4;Ms4a6c;2.956663034;4.24646E-78
ENSMUSG00000022419.16;Deptor;2.949018001;3.03414E-29
ENSMUSG00000046329.14;Slc25a23;2.948700493;5.20087E-10
ENSMUSG00000042616.8;Oscp1;2.942055699;4.29828E-11
ENSMUSG00000003526.12;Prodh;2.93810199;3.60393E-15
ENSMUSG00000021313.16;Ryr2;2.928085464;6.09962E-07
ENSMUSG00000025876.15;Unc5a;2.919385288;2.98015E-07
ENSMUSG00000029471.13;Camkk2;2.907990507;2.96697E-86
ENSMUSG00000026365.15;Cfh;2.907697568;5.22354E-11
ENSMUSG00000013974.3;Mcemp1;2.885945976;7.02316E-78
ENSMUSG00000040118.15;Cacna2d1;2.882934499;1.77106E-09
ENSMUSG00000049313.8;Sorl1;2.873463134;4.41956E-67
ENSMUSG00000003849.8;Nqo1;2.866677581;5.56995E-05
ENSMUSG00000005373.13;Mlxipl;2.864366731;4.02651E-06
ENSMUSG00000050103.18;Agmo;2.864352554;0.008921873
ENSMUSG00000030255.13;Sspn;2.859669303;0.000786331
ENSMUSG00000030474.9;Siglece;2.85894533;1.9124E-41
ENSMUSG00000026170.6;Cyp27a1;2.856419948;2.12903E-06
ENSMUSG00000028766.10;Alpl;2.855584635;7.32424E-08
ENSMUSG00000053080.10;2700081O15Rik;2.849691281;3.46109E-20
ENSMUSG00000109713.1;Pvrig;2.842016026;0.0021175
ENSMUSG00000002992.17;Apoc2;2.833900588;5.15043E-15
ENSMUSG00000030069.15;Prok2;2.827161138;2.04283E-09
ENSMUSG00000029254.16;Stap1;2.825853357;1.63434E-44
ENSMUSG00000049939.6;Lrrc4;2.822176148;4.26008E-09
ENSMUSG00000020534.14;Shmt1;2.817047144;1.17115E-06
ENSMUSG00000028864.7;Hgf;2.812189675;6.39132E-08
ENSMUSG00000038415.10;Foxq1;2.81120987;0.000576452
ENSMUSG00000051727.14;Kctd14;2.781123018;3.61482E-05
ENSMUSG00000095788.6;Sirpb1a;2.7662462;1.10188E-05
ENSMUSG00000042498.16;Radx;2.761537512;1.29305E-45
ENSMUSG00000026556.15;Vangl2;2.747620029;1.9671E-07
ENSMUSG00000026193.15;Fn1;2.724802648;4.3104E-49
ENSMUSG00000021418.15;Rpp40;2.714221401;3.40219E-08
ENSMUSG00000031451.6;Gas6;2.709618924;6.48094E-08
ENSMUSG00000066191.12;Anks6;2.692105887;9.19375E-05
ENSMUSG00000046442.4;Ppm1e;2.691104607;3.82137E-06
ENSMUSG00000029761.16;Cald1;2.68874091;9.45816E-46
ENSMUSG00000023800.15;Tiam2;2.687529569;4.56177E-14
ENSMUSG00000041707.8;Tmem273;2.682919037;1.02488E-15
ENSMUSG00000054728.17;Phactr1;2.679994467;1.7731E-08
ENSMUSG00000026833.18;Olfm1;2.678012751;2.1087E-153
ENSMUSG00000024210.3;Ip6k3;2.671785468;0.003731311
ENSMUSG00000053414.8;Hunk;2.671026632;9.22311E-07
ENSMUSG00000071723.7;Gspt2;2.670782687;5.68616E-06
ENSMUSG00000062345.10;Serpinb2;2.66316318;1.52511E-38
ENSMUSG00000001128.7;Cfp;2.64679439;1.9039E-194
ENSMUSG00000076749.2;NA;2.637901745;0.000322866
ENSMUSG00000042770.8;Hebp1;2.635642131;2.43447E-17
ENSMUSG00000058258.14;Idi1;2.625444586;1.3384E-89
ENSMUSG00000040964.16;Arhgef10l;2.622086311;2.17969E-82
ENSMUSG00000049119.14;Fam110b;2.621248544;0.004199749
ENSMUSG00000055612.15;Cdca7;2.620266312;1.35163E-08
ENSMUSG00000036896.5;C1qc;2.616470949;9.98398E-39
ENSMUSG00000090145.7;Ugt1a6b;2.611662344;4.41195E-26
ENSMUSG00000030541.16;Idh2;2.611623884;1.9991E-99
ENSMUSG00000004032.10;Gstm5;2.604216172;3.25839E-09
ENSMUSG00000028874.14;Fgr;2.602126687;5.83768E-64
ENSMUSG00000092035.8;Peg10;2.599753212;0.001099028
ENSMUSG00000002985.16;Apoe;2.599356771;9.4119E-297
ENSMUSG00000063430.9;Wscd2;2.598146807;0.002862048
ENSMUSG00000031788.14;Kifc3;2.595828758;2.85417E-30
ENSMUSG00000002847.7;Pla1a;2.595530806;5.87992E-10
ENSMUSG00000116069.1;NA;2.594202825;3.5189E-05
ENSMUSG00000032113.16;Chek1;2.593652257;0.000162983
ENSMUSG00000027173.7;Depdc7;2.590629625;3.19862E-15
ENSMUSG00000025461.11;Cd163l1;2.587435531;3.06651E-08
ENSMUSG00000046618.7;Olfml2a;2.586995724;0.001447295
ENSMUSG00000029915.14;Clec5a;2.586757417;8.00733E-33
ENSMUSG00000031898.9;Dpep3;2.583149853;3.24568E-06
ENSMUSG00000028621.17;Cyb5rl;2.572487936;8.01279E-12
ENSMUSG00000059743.12;Fdps;2.5666031;6.53364E-54
ENSMUSG00000048330.14;Ric3;2.563227511;0.002032109
ENSMUSG00000022610.10;Mapk12;2.554661285;0.000520172
ENSMUSG00000036377.19;C530008M17Rik;2.550934129;0.005016264
ENSMUSG00000031480.15;Thsd1;2.548738412;0.000537302
ENSMUSG00000007655.16;Cav1;2.546223874;1.25462E-31
ENSMUSG00000027435.8;Cd93;2.544316646;9.99704E-40
ENSMUSG00000091228.1;NA;2.541456378;3.65705E-10
ENSMUSG00000039126.10;Prune2;2.535745069;0.001630091
ENSMUSG00000045092.8;S1pr1;2.533905418;2.0484E-164
ENSMUSG00000055912.8;Tmem150a;2.525564565;8.12637E-18
ENSMUSG00000071042.12;Rasgrp3;2.525297191;1.39401E-14
ENSMUSG00000054951.3;9130008F23Rik;2.523115462;1.35471E-09
ENSMUSG00000070873.5;Lilra5;2.522881011;2.8914E-09
ENSMUSG00000029373.7;Pf4;2.519469351;1.60387E-78
ENSMUSG00000029510.15;Gpc2;2.518686409;1.87132E-09
ENSMUSG00000031562.15;Dctd;2.517554286;0.001149801
ENSMUSG00000035835.14;Plppr3;2.517075217;0.015515513
ENSMUSG00000040564.14;Apoc1;2.507653206;0.000494704
ENSMUSG00000020019.4;Ntn4;2.504295342;0.016691286
ENSMUSG00000037493.6;Cib2;2.500818665;3.35785E-12
ENSMUSG00000022947.8;Cbr3;2.492627823;6.28668E-45
ENSMUSG00000022667.18;Cd200r1;2.492389645;3.06084E-93
ENSMUSG00000054545.17;Ugt1a6a;2.486697672;1.47847E-55
ENSMUSG00000021423.6;Ly86;2.484601688;1.16297E-58
ENSMUSG00000030108.14;Slc6a13;2.481423232;0.000193499
ENSMUSG00000074622.4;Mafb;2.478231004;5.284E-125
ENSMUSG00000025934.15;Gsta3;2.474018619;4.47649E-55
ENSMUSG00000040522.5;Tlr8;2.473486756;4.91104E-38
ENSMUSG00000030263.13;Lrmp;2.468854976;2.34674E-56
ENSMUSG00000079429.9;Mroh2a;2.464530017;0.000327163
ENSMUSG00000055546.6;Timd4;2.462083011;3.21716E-10
ENSMUSG00000047793.13;Sned1;2.46037957;4.57709E-07
ENSMUSG00000072647.6;Adam1a;2.455800054;7.44347E-14
ENSMUSG00000031880.7;Rrad;2.452231859;2.43437E-32
ENSMUSG00000079017.3;Ifi27l2a;2.443780734;7.56636E-23
ENSMUSG00000026605.14;Cenpf;2.43724525;7.96868E-12
ENSMUSG00000075592.10;Nynrin;2.436271011;3.3601E-07
ENSMUSG00000030589.15;Rasgrp4;2.432749985;2.34247E-75
ENSMUSG00000036362.2;P2ry13;2.432107933;7.34317E-07
ENSMUSG00000070868.11;Skint3;2.421817294;6.45563E-07
ENSMUSG00000052212.6;Cd177;2.421375072;3.06514E-15
ENSMUSG00000093593.1;NA;2.420444138;0.007693635
ENSMUSG00000096630.2;Vmn2r26;2.420139953;4.66698E-23
ENSMUSG00000001120.15;Pcbp3;2.416493695;1.4079E-10
ENSMUSG00000003585.13;Sec14l2;2.412667912;0.000151202
ENSMUSG00000025574.13;Tk1;2.408659722;1.72692E-09
ENSMUSG00000102697.1;Pcdhac2;2.400391117;0.006798112
ENSMUSG00000027864.9;Ptgfrn;2.394548616;2.2198E-98
ENSMUSG00000041220.10;Elovl6;2.393814129;2.31285E-07
ENSMUSG00000034041.5;Lyl1;2.389837919;4.8571E-19
ENSMUSG00000090124.7;Ugt1a7c;2.3882822;3.0377E-126
ENSMUSG00000052516.19;Robo2;2.386207138;0.004596091
ENSMUSG00000036459.15;Wtip;2.385701641;2.56241E-14
ENSMUSG00000021720.11;Rnf180;2.384677681;6.50295E-05
ENSMUSG00000074874.10;Ctla2b;2.381581618;1.01041E-95
ENSMUSG00000037370.13;Enpp1;2.374957691;1.13124E-10
ENSMUSG00000000301.16;Pemt;2.371122999;0.002943919
ENSMUSG00000001435.15;Col18a1;2.366489218;1.71471E-53
ENSMUSG00000040204.6;Pclaf;2.361931442;1.00921E-12
ENSMUSG00000026893.4;Gca;2.361652327;1.16099E-14
ENSMUSG00000022199.12;Slc22a17;2.358173108;1.84146E-11
ENSMUSG00000089665.2;Fcor;2.35680637;6.08556E-14
ENSMUSG00000040722.7;Scamp5;2.342940211;1.14065E-34
ENSMUSG00000041431.16;Ccnb1;2.342722515;4.73381E-09
ENSMUSG00000021090.16;Lrrc9;2.338561427;0.01908528
ENSMUSG00000032946.16;Rasgrp2;2.338375281;1.83136E-39
ENSMUSG00000046546.3;Fam43a;2.338025657;1.7273E-39
ENSMUSG00000021508.11;Cxcl14;2.335188713;1.00048E-67
ENSMUSG00000017493.12;Igfbp4;2.335005932;5.67295E-20
ENSMUSG00000017754.13;Pltp;2.334402497;2.64448E-07
ENSMUSG00000027715.9;Ccna2;2.33268489;1.88773E-13
ENSMUSG00000035960.14;Apex1;2.329711858;2.53642E-31
ENSMUSG00000041688.16;Amot;2.32939025;9.71376E-06
ENSMUSG00000048329.7;Mfsd6l;2.327375183;0.000614271
ENSMUSG00000067341.6;H2-Eb2;2.325982776;7.52657E-10
ENSMUSG00000001403.13;Ube2c;2.325854645;2.88243E-07
ENSMUSG00000015342.6;Xk;2.32548663;3.15922E-05
ENSMUSG00000001642.18;Akr1b3;2.324169626;4.5017E-100
ENSMUSG00000042489.15;Clspn;2.32125004;6.68287E-05
ENSMUSG00000051652.4;Lrrc3;2.320724912;3.57718E-06
ENSMUSG00000029781.7;Fkbp9;2.31593976;6.61193E-28
ENSMUSG00000062515.3;Fabp4;2.300834385;2.22409E-06
ENSMUSG00000042190.12;Cmklr1;2.293491525;4.2373E-126
ENSMUSG00000027339.15;Rassf2;2.292891103;1.03376E-71
ENSMUSG00000073591.4;Pcdhb22;2.292194741;1.49071E-05
ENSMUSG00000032194.9;Kank2;2.289076856;1.0356E-36
ENSMUSG00000025068.8;Gsto1;2.288174993;2.95319E-66
ENSMUSG00000006344.17;Ggt5;2.286525696;0.005216574
ENSMUSG00000076433.4;Cep295nl;2.285603236;0.000618666
ENSMUSG00000010660.3;Plcd1;2.280183715;2.6838E-16
ENSMUSG00000049536.5;Tceal1;2.265228493;1.4659E-05
ENSMUSG00000058624.13;Gda;2.25795833;1.71079E-44
ENSMUSG00000041961.14;Znrf3;2.254859283;1.79729E-16
ENSMUSG00000033849.3;B3galt2;2.250751288;0.00011726
ENSMUSG00000027111.16;Itga6;2.248942321;8.82358E-24
ENSMUSG00000038740.9;Mvb12b;2.24735231;8.03975E-28
ENSMUSG00000073557.12;Ppp1r12b;2.24626585;2.04539E-62
ENSMUSG00000030148.15;Clec4a2;2.244974658;5.5381E-103
ENSMUSG00000037907.16;Ankrd13b;2.243774915;3.1118E-10
ENSMUSG00000034265.8;Zdhhc14;2.23831361;1.89756E-26
ENSMUSG00000023262.13;Acy1;2.237322535;3.46403E-17
ENSMUSG00000114432.1;NA;2.237217913;0.007427242
ENSMUSG00000060591.9;Ifitm2;2.235598025;1.5841E-82
ENSMUSG00000025855.13;Prkar1b;2.235128968;2.20308E-09
ENSMUSG00000024665.8;Fads2;2.235055655;4.46723E-05
ENSMUSG00000031465.6;Angpt2;2.233972728;0.01120734
ENSMUSG00000004814.10;Ccl24;2.227297989;0.003841148
ENSMUSG00000019718.8;L3hypdh;2.226141701;0.020847665
ENSMUSG00000033192.5;Lpcat2;2.225263011;1.9623E-105
ENSMUSG00000022788.16;Fgd4;2.223323573;6.85162E-35
ENSMUSG00000021048.7;Mthfd1;2.221406386;8.47535E-25
ENSMUSG00000034488.14;Edil3;2.219854333;2.46342E-12
ENSMUSG00000035783.9;Acta2;2.218169579;1.90248E-12
ENSMUSG00000038886.10;Man2a2;2.214824743;6.62767E-06
ENSMUSG00000001131.11;Timp1;2.213886979;1.06695E-94
ENSMUSG00000036957.8;Lrfn3;2.213516417;2.51852E-09
ENSMUSG00000022748.8;Cmss1;2.211664614;0.001202432
ENSMUSG00000030468.12;Siglecg;2.20926873;2.42001E-08
ENSMUSG00000032532.7;Cck;2.205118146;1.47375E-05
ENSMUSG00000029005.4;Draxin;2.202739974;0.017283989
ENSMUSG00000036353.13;P2ry12;2.201856982;0.000188078
ENSMUSG00000051682.15;Treml4;2.193964991;1.84982E-14
ENSMUSG00000027993.16;Trim2;2.192396802;2.38475E-05
ENSMUSG00000029516.19;Cit;2.188304587;3.53623E-05
ENSMUSG00000031398.13;Plxna3;2.186107363;1.17217E-07
ENSMUSG00000040945.13;Rcc2;2.186101245;1.0498E-140
ENSMUSG00000069516.8;Lyz2;2.185906089;1.09753E-35
ENSMUSG00000037762.6;Slc16a9;2.184954986;1.37581E-13
ENSMUSG00000050382.14;Kif7;2.181713826;3.81287E-12
ENSMUSG00000047945.6;Marcksl1;2.180533701;1.1384E-118
ENSMUSG00000003355.7;Fkbp11;2.178590107;1.07014E-05
ENSMUSG00000025037.6;Maoa;2.178085502;1.87641E-25
ENSMUSG00000076612.8;NA;2.174591593;0.00366268
ENSMUSG00000026458.13;Ppfia4;2.170238301;3.5497E-09
ENSMUSG00000022415.12;Syngr1;2.168561453;1.27023E-06
ENSMUSG00000040269.5;Mrps28;2.168019705;3.7621E-16
ENSMUSG00000047409.13;Ctdspl;2.167806483;3.716E-10
ENSMUSG00000055782.9;Abcd2;2.16739162;1.33573E-14
ENSMUSG00000022912.8;Pros1;2.165488031;3.44448E-43
ENSMUSG00000022514.14;Il1rap;2.16438057;1.08022E-56
ENSMUSG00000039976.4;Tbc1d16;2.16423569;2.67134E-15
ENSMUSG00000018470.8;Kcnab3;2.161812654;0.001343471
ENSMUSG00000034656.18;Cacna1a;2.160957627;3.12132E-09
ENSMUSG00000052821.3;Cysltr1;2.160267315;2.02102E-25
ENSMUSG00000024397.14;Aif1;2.152621844;3.5322E-26
ENSMUSG00000026602.9;Nphs2;2.152451258;0.044699664
ENSMUSG00000061068.7;Mcpt4;2.143730973;6.18154E-07
ENSMUSG00000006442.10;Srm;2.142465061;6.26518E-18
ENSMUSG00000056069.10;Otulinl;2.141447815;1.68914E-11
ENSMUSG00000030162.14;Olr1;2.140816183;2.65169E-23
ENSMUSG00000028633.7;Ctps;2.139858862;3.55022E-14
ENSMUSG00000041859.10;Mcm3;2.137278019;6.07823E-73
ENSMUSG00000014303.13;Glis2;2.137208799;1.28891E-07
ENSMUSG00000023009.14;Nckap5l;2.135152715;9.14127E-24
ENSMUSG00000023367.14;Tmem176a;2.135071007;1.19209E-06
ENSMUSG00000026986.14;Hnmt;2.134887942;1.18986E-16
ENSMUSG00000083282.3;Ctsf;2.132944108;3.2369E-05
ENSMUSG00000036905.8;C1qb;2.129251914;5.897E-28
ENSMUSG00000023034.7;Nr4a1;2.129197504;1.35737E-25
ENSMUSG00000037772.13;Mrpl23;2.126834451;3.89939E-39
ENSMUSG00000033705.17;Stard9;2.126720079;3.20431E-43
ENSMUSG00000074604.9;Mgst2;2.12659746;4.7323E-18
ENSMUSG00000079484.12;Phyhd1;2.126569202;1.57567E-07
ENSMUSG00000046179.17;E2f8;2.124023311;1.4807E-11
ENSMUSG00000022390.11;Zc3h7b;2.121488151;5.02885E-37
ENSMUSG00000074093.4;Svip;2.121131131;1.57736E-07
ENSMUSG00000037325.10;Bbs7;2.113985667;7.05959E-22
ENSMUSG00000025453.18;Nnt;2.111233596;2.95677E-07
ENSMUSG00000099041.1;NA;2.108714301;0.002142411
ENSMUSG00000036766.12;Dner;2.106196702;0.000198392
ENSMUSG00000031373.4;Car5b;2.102698781;1.16811E-16
ENSMUSG00000020086.6;Macroh2a2;2.098632519;0.002499699
ENSMUSG00000028678.13;Kif2c;2.09665206;3.81884E-06
ENSMUSG00000026765.12;Lypd6b;2.092749612;0.002305485
ENSMUSG00000014158.12;Trpv4;2.091032288;4.92042E-29
ENSMUSG00000074141.13;Il4i1;2.088033529;3.82471E-12
ENSMUSG00000001305.5;Rrp15;2.08504673;6.65401E-15
ENSMUSG00000048240.14;Gng7;2.08374422;0.000245929
ENSMUSG00000024299.17;Adamts10;2.080440779;1.13274E-27
ENSMUSG00000025328.9;Padi3;2.074583796;0.003316017
ENSMUSG00000060044.8;Tmem26;2.074390315;0.032201745
ENSMUSG00000078144.4;Capns2;2.071725162;0.007919535
ENSMUSG00000074738.2;Fndc10;2.070502579;0.019196456
ENSMUSG00000068747.14;Sort1;2.067155004;1.02701E-71
ENSMUSG00000039270.9;Megf9;2.063063762;1.20289E-35
ENSMUSG00000068740.13;Celsr2;2.062699537;0.008913037
ENSMUSG00000031458.8;Coprs;2.059126345;1.16689E-17
ENSMUSG00000039197.10;Adk;2.055630526;2.30151E-38
ENSMUSG00000029553.10;Tfec;2.05519681;1.44905E-29
ENSMUSG00000058794.12;Nfe2;2.046454588;3.43254E-06
ENSMUSG00000009292.18;Trpm2;2.046142909;9.08816E-17
ENSMUSG00000028100.11;Nudt17;2.044206194;0.014264971
ENSMUSG00000028069.16;Gpatch4;2.044143136;1.1641E-09
ENSMUSG00000022421.19;Nptxr;2.042919562;0.000378392
ENSMUSG00000001467.5;Cyp51;2.040828605;3.11542E-52
ENSMUSG00000054932.6;Afp;2.039796179;4.76547E-05
ENSMUSG00000020282.18;Rhbdf1;2.037995242;4.15288E-09
ENSMUSG00000068115.13;Ninl;2.037362219;9.18522E-05
ENSMUSG00000058099.16;Nfam1;2.03570707;1.3737E-240
ENSMUSG00000022322.8;Shcbp1;2.034917119;6.33647E-05
ENSMUSG00000032679.12;Cd59a;2.033710396;0.002499699
ENSMUSG00000024174.9;Pot1b;2.033032127;4.31845E-24
ENSMUSG00000039239.14;Tgfb2;2.033024816;1.84072E-34
ENSMUSG00000069830.10;Nlrp1a;2.032069709;6.56724E-11
ENSMUSG00000027860.15;Vangl1;2.031139269;0.002487617
ENSMUSG00000058070.14;Eml1;2.030269807;1.73402E-15
ENSMUSG00000024675.19;Ms4a4c;2.026470054;8.66603E-14
ENSMUSG00000032783.9;Troap;2.025496372;0.005722002
ENSMUSG00000029096.15;Htra3;2.02217071;6.36981E-05
ENSMUSG00000029720.9;NA;2.011661814;1.11475E-21
ENSMUSG00000038884.14;Shfl;2.011581823;1.90173E-11
ENSMUSG00000096145.2;Vkorc1;2.010460849;3.13112E-12
ENSMUSG00000030946.13;Lhpp;2.00565483;1.76771E-14
ENSMUSG00000025492.6;Ifitm3;2.005586857;1.38368E-54
ENSMUSG00000028957.12;Per3;2.002533628;5.28091E-18
ENSMUSG00000020284.16;Cfap410;2.000724991;2.9869E-33
ENSMUSG00000029821.15;Gsdme;1.997887876;1.74097E-15
ENSMUSG00000022587.14;Ly6e;1.997676263;5.71846E-57
ENSMUSG00000061838.7;Suclg2;1.997449096;3.02098E-46
ENSMUSG00000027478.15;Dnmt3b;1.996826514;3.32342E-07
ENSMUSG00000026558.13;Uck2;1.996118707;4.15732E-17
ENSMUSG00000054931.7;Zkscan4;1.995705118;0.039139341
ENSMUSG00000043419.11;Rnf227;1.995541082;1.21924E-05
ENSMUSG00000027364.14;Usp50;1.989755187;0.009543489
ENSMUSG00000030761.16;Myo7a;1.988673598;2.16947E-61
ENSMUSG00000008035.12;Mid1ip1;1.985397237;5.75421E-58
ENSMUSG00000032554.15;Trf;1.984591756;3.01024E-39
ENSMUSG00000043832.13;Clec4a3;1.984446101;1.00358E-70
ENSMUSG00000062585.11;Cnr2;1.979715473;4.35275E-07
ENSMUSG00000062488.9;Ifit3b;1.977076118;3.44207E-07
ENSMUSG00000029090.12;Adgra3;1.974596036;3.4777E-16
ENSMUSG00000026389.16;Steap3;1.974435413;8.09461E-27
ENSMUSG00000029484.12;Anxa3;1.97011337;1.46479E-80
ENSMUSG00000019256.17;Ahr;1.967826533;2.81526E-21
ENSMUSG00000060429.12;Sntb1;1.967563356;4.84219E-05
ENSMUSG00000058290.4;Espl1;1.966365963;3.60673E-13
ENSMUSG00000020262.15;Adarb1;1.966018129;8.71939E-38
ENSMUSG00000040855.15;Reps2;1.963151128;8.05665E-05
ENSMUSG00000024044.19;Epb41l3;1.962256792;5.85543E-19
ENSMUSG00000034634.7;Ly6d;1.961912744;7.62031E-08
ENSMUSG00000019942.13;Cdk1;1.960329872;6.80446E-11
ENSMUSG00000035504.16;Reep6;1.957755302;0.043112106
ENSMUSG00000005410.6;Mcm5;1.955748173;4.15859E-11
ENSMUSG00000036862.15;Dchs1;1.953407007;0.000327112
ENSMUSG00000030579.10;Tyrobp;1.950225842;1.4761E-133
ENSMUSG00000022941.8;Ripply3;1.948615068;0.006455505
ENSMUSG00000035067.9;Xkr6;1.948322826;0.0001071
ENSMUSG00000021638.12;Ocln;1.947301093;1.47979E-05
ENSMUSG00000024268.16;Celf4;1.945589247;0.011149641
ENSMUSG00000024736.15;Tmem132a;1.945088554;3.7902E-07
ENSMUSG00000028010.16;Gar1;1.943853948;3.88422E-09
ENSMUSG00000039217.13;Il18;1.943112189;1.15765E-30
ENSMUSG00000049086.8;Bmyc;1.942121085;1.12043E-06
ENSMUSG00000020042.15;Btbd11;1.940624841;0.010341798
ENSMUSG00000048200.12;Cracr2b;1.936938538;5.83464E-11
ENSMUSG00000006014.16;Prg4;1.931390029;3.75064E-59
ENSMUSG00000032377.8;Plscr4;1.929478622;0.002171884
ENSMUSG00000031740.8;Mmp2;1.927195603;0.003482488
ENSMUSG00000031432.3;Prps1;1.926518717;3.09124E-12
ENSMUSG00000050244.9;Heatr1;1.925199028;1.85548E-50
ENSMUSG00000027654.2;Fam83d;1.921452519;0.018337685
ENSMUSG00000030109.15;Slc6a12;1.92086278;1.23547E-34
ENSMUSG00000028988.13;Ctnnbip1;1.919832559;1.23604E-09
ENSMUSG00000000325.16;Arvcf;1.91461374;2.83632E-05
ENSMUSG00000025058.4;5430427O19Rik;1.913476682;1.52703E-21
ENSMUSG00000021880.7;Rnase6;1.91156943;0.02496369
ENSMUSG00000021273.11;Fdft1;1.909277642;2.42025E-52
ENSMUSG00000021175.15;Cdca7l;1.908593835;6.12383E-10
ENSMUSG00000028807.2;Zbtb8a;1.904645224;0.000352936
ENSMUSG00000032892.14;Rangrf;1.903066345;0.000406231
ENSMUSG00000063445.14;Nmral1;1.901115682;3.03899E-10
ENSMUSG00000020105.9;Lrig3;1.900058475;0.000753858
ENSMUSG00000036052.14;Dnajb5;1.898460806;3.42828E-38
ENSMUSG00000005836.10;Gata6;1.89668542;5.07095E-14
ENSMUSG00000030872.14;Gga2;1.895626199;6.98216E-64
ENSMUSG00000002980.14;Bcam;1.895112123;4.99037E-39
ENSMUSG00000022033.9;Pbk;1.894518461;0.018873728
ENSMUSG00000025911.14;Adhfe1;1.889978128;2.0885E-13
ENSMUSG00000049709.4;Nlrp10;1.888818698;5.73283E-05
ENSMUSG00000004933.17;Matk;1.887992578;5.17295E-11
ENSMUSG00000017607.9;Tns4;1.886239344;6.70609E-27
ENSMUSG00000022817.15;Itgb5;1.884732982;6.13868E-24
ENSMUSG00000003665.7;Has1;1.882782995;1.30384E-05
ENSMUSG00000006576.16;Slc4a3;1.879648778;0.019375523
ENSMUSG00000036867.7;Smad6;1.87964282;2.74134E-41
ENSMUSG00000004356.8;Utp20;1.878012533;8.31128E-18
ENSMUSG00000027889.17;Ampd2;1.876562863;5.08706E-65
ENSMUSG00000058006.12;Mdn1;1.866200965;1.77389E-26
ENSMUSG00000031778.13;Cx3cl1;1.859366694;0.015524369
ENSMUSG00000074272.10;Ceacam1;1.858827724;1.04646E-19
ENSMUSG00000030207.15;Fam234b;1.858352852;1.03063E-11
ENSMUSG00000044309.8;Apol7c;1.855784847;2.28932E-05
ENSMUSG00000004371.15;Il11;1.853619783;0.017096103
ENSMUSG00000042035.11;Igsf3;1.852762369;9.88703E-09
ENSMUSG00000029759.9;Pon3;1.852728281;3.4343E-106
ENSMUSG00000037601.11;Nme1;1.851962776;1.89681E-14
ENSMUSG00000057722.17;Lepr;1.851482646;0.00569548
ENSMUSG00000020532.18;Acaca;1.848028962;8.23738E-23
ENSMUSG00000039747.11;Orai2;1.842601194;7.49109E-69
ENSMUSG00000016552.13;Foxred2;1.836919236;3.64656E-37
ENSMUSG00000030729.17;Pgm2l1;1.833679174;1.11789E-13
ENSMUSG00000001552.14;Jup;1.830744153;1.19367E-16
ENSMUSG00000024165.9;Jpt2;1.829753114;1.92138E-38
ENSMUSG00000035704.17;Alg8;1.828459278;3.18976E-17
ENSMUSG00000057132.16;Rpgrip1;1.827635379;0.024865781
ENSMUSG00000020648.3;Dus4l;1.82232046;2.60931E-06
ENSMUSG00000022351.14;Sqle;1.819238809;7.15548E-40
ENSMUSG00000024451.9;Arap3;1.812110572;2.68004E-08
ENSMUSG00000024505.16;Dtwd2;1.81072924;0.000187734
ENSMUSG00000024177.9;Nme4;1.807833933;1.13354E-05
ENSMUSG00000023393.15;Slc17a9;1.805962614;2.55618E-10
ENSMUSG00000037805.15;Rpl10a;1.803783698;8.0726E-57
ENSMUSG00000030724.7;Cd19;1.801883496;1.64438E-06
ENSMUSG00000038372.14;Gmds;1.80146157;5.11166E-12
ENSMUSG00000028184.12;Adgrl2;1.800338743;1.26328E-14
ENSMUSG00000073010.9;Gm5127;1.798000923;0.014795677
ENSMUSG00000048621.3;Gm6377;1.797597788;7.23365E-35
ENSMUSG00000103585.1;Pcdhgb4;1.795928101;9.7674E-06
ENSMUSG00000046806.13;Cyren;1.791377564;5.82293E-15
ENSMUSG00000031482.9;Slc25a15;1.787960707;9.67986E-19
ENSMUSG00000079478.9;Znrd2;1.778077365;6.97874E-06
ENSMUSG00000024378.9;Stard4;1.776096726;5.09249E-59
ENSMUSG00000089669.7;Tnfsf13;1.775073185;2.3568E-13
ENSMUSG00000086564.9;Cd101;1.771273717;2.25605E-06
ENSMUSG00000032066.9;Bco2;1.771124471;6.97444E-13
ENSMUSG00000039629.14;Strip2;1.76962451;0.029209822
ENSMUSG00000022265.7;Ank;1.7682166;1.00759E-31
ENSMUSG00000039607.16;Rbms3;1.768141433;0.005332857
ENSMUSG00000078202.3;Nrarp;1.767985408;0.008092349
ENSMUSG00000029366.10;Dck;1.766171499;2.26972E-53
ENSMUSG00000040212.12;Emp3;1.765892454;1.33981E-68
ENSMUSG00000025001.11;Hells;1.763511032;1.33759E-06
ENSMUSG00000034487.4;Poglut3;1.763466429;1.36494E-05
ENSMUSG00000050370.5;Ch25h;1.762848852;3.834E-05
ENSMUSG00000040093.16;Bmf;1.760475087;3.22638E-11
ENSMUSG00000002870.8;Mcm2;1.759388972;5.58049E-17
ENSMUSG00000042978.11;Sbk1;1.757374843;4.86861E-49
ENSMUSG00000070044.15;Fam149a;1.756432418;5.93107E-05
ENSMUSG00000043557.16;Mdga1;1.755617831;6.94865E-07
ENSMUSG00000030844.11;Rgs10;1.755159792;6.66594E-44
ENSMUSG00000026360.9;Rgs2;1.754485343;1.99981E-11
ENSMUSG00000054905.2;Stfa3;1.754297491;1.75815E-09
ENSMUSG00000026187.9;Xrcc5;1.753059476;6.77676E-06
ENSMUSG00000029414.11;Kntc1;1.752367337;8.39115E-06
ENSMUSG00000026126.15;Ptpn18;1.751576064;7.17129E-17
ENSMUSG00000024312.10;Wdr46;1.751371434;3.47902E-20
ENSMUSG00000060098.11;Prmt7;1.750987482;2.80498E-13
ENSMUSG00000035168.16;Tanc1;1.7488623;1.30739E-23
ENSMUSG00000024673.9;Ms4a1;1.748023224;6.70804E-07
ENSMUSG00000045934.15;Mtmr11;1.745462411;0.00074586
ENSMUSG00000026700.4;Tnfsf4;1.741120977;0.004464892
ENSMUSG00000055148.7;Klf2;1.739710113;3.25928E-22
ENSMUSG00000037341.14;Slc9a7;1.73702448;1.46753E-05
ENSMUSG00000039377.7;Hlx;1.734975968;1.24371E-68
ENSMUSG00000031129.9;Slc9a9;1.733598996;2.54806E-05
ENSMUSG00000042734.6;Ttc9;1.733106328;5.70313E-05
ENSMUSG00000044629.5;Cnrip1;1.731375264;0.037162021
ENSMUSG00000028910.12;Mecr;1.729107063;1.56406E-15
ENSMUSG00000056602.12;Fry;1.728393143;2.0201E-08
ENSMUSG00000069662.5;Marcks;1.728053243;2.53927E-43
ENSMUSG00000073418.4;C4b;1.725102699;1.18042E-05
ENSMUSG00000020741.17;Cluh;1.722857683;3.73254E-44
ENSMUSG00000026315.13;Serpinb8;1.722587989;2.0695E-58
ENSMUSG00000018381.15;Abi3;1.722553056;1.86807E-15
ENSMUSG00000038775.14;Vill;1.722453729;9.97916E-12
ENSMUSG00000071369.11;Map3k5;1.720846009;2.6608E-61
ENSMUSG00000013033.16;Adgrl1;1.717814751;4.92191E-09
ENSMUSG00000022686.14;B3gnt5;1.716204333;3.25649E-11
ENSMUSG00000021097.15;Clmn;1.715025523;6.92207E-06
ENSMUSG00000039713.17;Plekhg5;1.708296056;1.11136E-05
ENSMUSG00000036565.7;Ttyh3;1.707992259;7.69506E-20
ENSMUSG00000003779.16;Kif20a;1.707404379;8.84753E-08
ENSMUSG00000046865.7;Fbl;1.706072201;2.00921E-29
ENSMUSG00000039741.15;Bahcc1;1.705456364;4.84725E-05
ENSMUSG00000040557.14;Mettl27;1.703620738;7.47279E-05
ENSMUSG00000030346.16;Rad51ap1;1.702252233;0.003237552
ENSMUSG00000033857.12;Engase;1.697492873;3.55766E-07
ENSMUSG00000017639.13;Rab11fip4;1.692671447;6.42591E-15
ENSMUSG00000040152.8;Thbs1;1.690252795;1.2752E-43
ENSMUSG00000075028.12;Prdm11;1.689784618;0.002011508
ENSMUSG00000056665.2;Them6;1.689411597;1.02259E-11
ENSMUSG00000030465.19;Psd3;1.688348886;3.90067E-06
ENSMUSG00000052563.13;D930048N14Rik;1.687372905;0.012336446
ENSMUSG00000026238.14;Ptma;1.68382953;7.8212E-104
ENSMUSG00000005107.13;Slc2a9;1.682188326;5.96003E-11
ENSMUSG00000025732.6;Mcrip2;1.681124503;7.45731E-06
ENSMUSG00000048772.15;Tmem53;1.674898232;0.008133013
ENSMUSG00000028456.18;Unc13b;1.672773308;1.22697E-09
ENSMUSG00000020541.12;Tom1l1;1.67273821;0.026019686
ENSMUSG00000026622.15;Nek2;1.672523094;1.76312E-07
ENSMUSG00000069607.4;Cd300ld3;1.672295873;1.96347E-24
ENSMUSG00000090958.2;Lrrc32;1.671395435;9.07773E-12
ENSMUSG00000053907.10;Mat2a;1.670586676;4.46631E-35
ENSMUSG00000017176.17;Nt5c3b;1.670536543;2.12427E-18
ENSMUSG00000051379.12;Flrt3;1.670489526;0.001032025
ENSMUSG00000001918.17;Slc1a5;1.669720753;2.83554E-35
ENSMUSG00000045838.8;Ccdc9b;1.668110247;2.4229E-07
ENSMUSG00000026390.7;Marco;1.667716125;8.08015E-20
ENSMUSG00000041540.16;Sox5;1.665433679;0.002384457
ENSMUSG00000000732.9;Icosl;1.665316402;2.16731E-10
ENSMUSG00000013415.9;Igf2bp1;1.664376793;1.12996E-21
ENSMUSG00000052160.7;Pld4;1.663833698;1.30459E-13
ENSMUSG00000056209.7;Npm3;1.663644004;2.77295E-13
ENSMUSG00000030064.16;Frmd4b;1.660800851;0.001529254
ENSMUSG00000028542.17;Slc6a9;1.658711717;1.28566E-10
ENSMUSG00000022372.14;Sla;1.658487279;1.95857E-29
ENSMUSG00000017002.14;Slpi;1.658131833;2.75522E-14
ENSMUSG00000026580.16;Selp;1.657860901;0.039093544
ENSMUSG00000053801.18;Grwd1;1.656360386;2.98593E-07
ENSMUSG00000036278.7;Macrod1;1.655049988;0.002476002
ENSMUSG00000046006.6;Gapt;1.653190369;4.23324E-07
ENSMUSG00000018983.9;E2f2;1.649123492;3.7387E-07
ENSMUSG00000033952.14;Aspm;1.648110762;7.39525E-06
ENSMUSG00000024228.12;Nudt12;1.64662645;0.005624397
ENSMUSG00000038668.14;Lpar1;1.645742388;4.16466E-18
ENSMUSG00000055322.15;Tns1;1.644984061;3.85961E-08
ENSMUSG00000051373.5;Plpp7;1.642751369;0.040691286
ENSMUSG00000041180.13;Hectd2;1.642481796;3.69441E-08
ENSMUSG00000020649.11;Rrm2;1.639309572;1.68555E-08
ENSMUSG00000027395.15;Polr1b;1.638126681;5.57922E-17
ENSMUSG00000032092.5;Mpzl2;1.63425843;0.00900183
ENSMUSG00000031659.13;Adcy7;1.633199279;1.7174E-106
ENSMUSG00000021646.9;Mccc2;1.632495439;8.21507E-08
ENSMUSG00000040899.14;Ccr6;1.629058679;3.5741E-06
ENSMUSG00000031565.18;Fgfr1;1.628590111;2.87254E-23
ENSMUSG00000063193.9;Cd300lb;1.623923387;2.70915E-62
ENSMUSG00000075122.5;Cd80;1.623387823;6.30612E-12
ENSMUSG00000028780.13;Sema3c;1.621067028;9.35057E-11
ENSMUSG00000028389.12;Zfp37;1.62092198;0.041811985
ENSMUSG00000032279.11;Idh3a;1.620209749;8.01249E-19
ENSMUSG00000063605.5;Ccdc102a;1.619535372;0.003505438
ENSMUSG00000030852.18;Tacc2;1.618584555;1.61266E-06
ENSMUSG00000041506.15;Rrp9;1.617621639;4.02827E-11
ENSMUSG00000031144.15;Syp;1.613137024;8.04531E-05
ENSMUSG00000018446.8;C1qbp;1.612314293;7.74092E-20
ENSMUSG00000002319.16;Ipo4;1.609491404;6.15039E-21
ENSMUSG00000020787.14;P2rx1;1.605196033;0.000868792
ENSMUSG00000026932.14;Nacc2;1.603161558;1.51401E-22
ENSMUSG00000046598.15;Bdh1;1.603044743;0.001869536
ENSMUSG00000010048.10;Ifrd2;1.602747241;3.37454E-07
ENSMUSG00000026020.9;Nop58;1.602357133;3.22867E-09
ENSMUSG00000019194.15;Scn1b;1.601403203;8.74332E-12
ENSMUSG00000035455.12;Fignl1;1.60001684;5.79171E-07
ENSMUSG00000027009.18;Itga4;1.599228437;5.37049E-17
ENSMUSG00000028587.18;Orc1;1.598897684;0.013996227
ENSMUSG00000037742.14;Eef1a1;1.596876755;5.91019E-89
ENSMUSG00000062991.9;Nrg1;1.596521378;1.84051E-24
ENSMUSG00000051586.17;Mical3;1.595653119;2.11454E-08
ENSMUSG00000001300.16;Efnb2;1.593951521;3.34881E-30
ENSMUSG00000000552.10;Zfp385a;1.593282464;1.68156E-28
ENSMUSG00000032254.10;Kif23;1.593188376;6.49244E-07
ENSMUSG00000030272.15;Camk1;1.592002342;1.75023E-35
ENSMUSG00000032507.15;Fbxl2;1.591645312;1.16436E-08
ENSMUSG00000051367.8;Six1;1.591356164;0.000357816
ENSMUSG00000020914.17;Top2a;1.587634532;1.88084E-17
ENSMUSG00000035769.9;Xylb;1.587446787;5.0936E-10
ENSMUSG00000020897.12;Aurkb;1.586297873;7.59369E-05
ENSMUSG00000020739.11;Nup85;1.585875036;2.03616E-18
ENSMUSG00000032470.17;Mras;1.580786253;1.1682E-06
ENSMUSG00000020102.15;Slc16a7;1.580727758;2.50103E-09
ENSMUSG00000036882.7;Arhgap33;1.580158964;0.044619297
ENSMUSG00000052085.7;Dock8;1.576537546;1.52615E-53
ENSMUSG00000032218.7;Ccnb2;1.5750975;0.000297901
ENSMUSG00000039748.11;Exo1;1.574026465;0.014672016
ENSMUSG00000073422.11;H2-Ke6;1.572962252;1.01324E-11
ENSMUSG00000021779.17;Thrb;1.572544643;0.008927736
ENSMUSG00000032026.7;Rexo2;1.572117751;3.16859E-52
ENSMUSG00000022962.15;Gart;1.572115779;1.12541E-51
ENSMUSG00000044080.9;S100a1;1.572070485;3.99242E-29
ENSMUSG00000025036.7;Sfxn2;1.570828714;1.54817E-16
ENSMUSG00000032527.13;Pccb;1.570658049;1.65595E-15
ENSMUSG00000022540.16;Rogdi;1.570538721;7.19889E-12
ENSMUSG00000043939.15;A530064D06Rik;1.570289864;8.38149E-11
ENSMUSG00000019990.15;Pde7b;1.568746085;5.56488E-17
ENSMUSG00000014778.10;Fhod1;1.567448626;6.66542E-76
ENSMUSG00000040187.15;Arntl2;1.566311547;0.033731187
ENSMUSG00000020706.13;Ftsj3;1.565457677;7.33322E-22
ENSMUSG00000064373.12;Selenop;1.56153973;0.01179497
ENSMUSG00000048371.8;Pdp2;1.558133345;3.5065E-22
ENSMUSG00000026153.15;Fam135a;1.556640344;4.16653E-14
ENSMUSG00000020857.11;Nme2;1.556473397;1.72559E-52
ENSMUSG00000003379.7;Cd79a;1.554897166;4.85412E-07
ENSMUSG00000037071.3;Scd1;1.554872527;6.45355E-08
ENSMUSG00000019874.11;Fabp7;1.55449359;1.79804E-18
ENSMUSG00000007029.16;Vars;1.553947331;6.03827E-45
ENSMUSG00000005124.10;Ccn4;1.550616396;0.013343235
ENSMUSG00000031403.14;Dkc1;1.550093652;1.50968E-09
ENSMUSG00000023921.9;Mmut;1.549956053;2.21293E-43
ENSMUSG00000014786.8;Slc9a5;1.547020395;1.45756E-05
ENSMUSG00000007080.14;Pole;1.546588459;8.72711E-05
ENSMUSG00000030188.12;Magohb;1.543895229;3.87275E-09
ENSMUSG00000090290.2;Tarbp1;1.543398599;1.09705E-17
ENSMUSG00000063558.4;Aox1;1.541563262;5.64175E-05
ENSMUSG00000072568.4;Lratd2;1.541024198;1.57192E-19
ENSMUSG00000078532.9;Nkain1;1.54045278;0.009510951
ENSMUSG00000022814.6;Umps;1.538453943;2.73027E-30
ENSMUSG00000050192.8;Eif5a2;1.535981077;1.10833E-10
ENSMUSG00000051506.17;Wdfy4;1.534339122;3.32722E-62
ENSMUSG00000042286.13;Stab1;1.534012481;2.1013E-27
ENSMUSG00000042680.8;Garem1;1.531935036;0.009510951
ENSMUSG00000044551.13;9930012K11Rik;1.529942906;0.013166256
ENSMUSG00000022122.15;Ednrb;1.529941912;4.1898E-143
ENSMUSG00000017740.17;Slc12a5;1.529238132;1.29932E-06
ENSMUSG00000024078.7;Ttc27;1.527048944;1.02216E-11
ENSMUSG00000017978.18;Cadps2;1.525824358;6.98389E-08
ENSMUSG00000045411.16;2410002F23Rik;1.524886058;5.03271E-23
ENSMUSG00000028741.13;Mrto4;1.524870679;2.46342E-12
ENSMUSG00000029455.14;Aldh2;1.524559319;2.21194E-63
ENSMUSG00000028565.18;Nfia;1.524397302;0.000274915
ENSMUSG00000046768.13;Rhoj;1.523485767;0.046602704
ENSMUSG00000020150.13;Gamt;1.522239693;4.46035E-06
ENSMUSG00000021892.14;Sh3bp5;1.519260503;6.92027E-33
ENSMUSG00000066456.14;Hmgn3;1.517191924;3.45767E-07
ENSMUSG00000031995.9;St14;1.515052746;3.43385E-13
ENSMUSG00000102742.1;Pcdhga11;1.514456748;0.004004889
ENSMUSG00000031779.3;Ccl22;1.513731596;0.000469186
ENSMUSG00000026958.13;Dpp7;1.512646286;2.16499E-26
ENSMUSG00000038843.18;Gcnt1;1.511885227;6.30248E-13
ENSMUSG00000050994.20;Adgb;1.511121942;1.29772E-80
ENSMUSG00000044583.13;Tlr7;1.509937618;4.36769E-63
ENSMUSG00000038421.13;Fcrla;1.506715579;0.000118857
ENSMUSG00000044442.11;N6amt1;1.506369326;3.41982E-10
ENSMUSG00000042377.8;Fam83g;1.505424272;0.000266278
ENSMUSG00000049580.12;Tsku;1.503010377;6.46938E-50
ENSMUSG00000024430.14;Cabyr;1.50251044;0.045492656
ENSMUSG00000095930.1;Nim1k;1.50245023;0.001474643
ENSMUSG00000053706.2;NA;1.502354938;0.024867127
ENSMUSG00000024403.16;Atp6v1g2;1.500995378;0.00024881
ENSMUSG00000021303.14;Gng4;-1.50295909;0.024720979
ENSMUSG00000000628.10;Hk2;-1.502998064;5.46856E-81
ENSMUSG00000078898.9;Zfp968;-1.503727398;6.01118E-07
ENSMUSG00000109771.1;Gm35315;-1.505402626;6.11474E-06
ENSMUSG00000042506.15;Usp22;-1.508305129;1.52372E-88
ENSMUSG00000037447.16;Arid5a;-1.508791316;1.33659E-41
ENSMUSG00000079298.9;Klrb1b;-1.510022346;0.009714442
ENSMUSG00000039841.14;Zfp800;-1.510296415;1.67304E-47
ENSMUSG00000006342.15;Susd2;-1.510690368;2.85576E-09
ENSMUSG00000095362.7;Gm14325;-1.51075795;6.2652E-09
ENSMUSG00000028460.6;Sit1;-1.512492878;0.010258973
ENSMUSG00000064128.8;Cenpj;-1.512645876;1.35273E-47
ENSMUSG00000096351.2;Samd11;-1.513348505;3.87348E-05
ENSMUSG00000047878.13;A4galt;-1.513627752;0.00438921
ENSMUSG00000078878.9;Gm14432;-1.513698757;9.87206E-19
ENSMUSG00000039470.15;Zdhhc2;-1.515689994;3.68413E-11
ENSMUSG00000021890.6;Eaf1;-1.518444863;6.74036E-46
ENSMUSG00000020184.15;Mdm2;-1.518696273;1.75546E-40
ENSMUSG00000004864.13;Mapk13;-1.518834689;1.45039E-05
ENSMUSG00000025486.17;Sirt3;-1.519620298;8.31126E-13
ENSMUSG00000072235.6;Tuba1a;-1.523860223;8.74836E-92
ENSMUSG00000047031.5;Vmn1r68;-1.524357069;0.012677906
ENSMUSG00000039461.12;Tcta;-1.524974373;1.42975E-16
ENSMUSG00000071176.10;Arhgef10;-1.52843772;9.46107E-05
ENSMUSG00000044937.15;Ttc41;-1.52894698;0.00869991
ENSMUSG00000054293.10;P2ry10b;-1.529813733;2.65754E-27
ENSMUSG00000026096.14;Osgepl1;-1.530881667;2.51843E-11
ENSMUSG00000030149.15;Klrk1;-1.53153651;6.39824E-05
ENSMUSG00000028894.18;Inpp5b;-1.532641296;4.20863E-94
ENSMUSG00000006638.15;Abhd1;-1.533815164;2.18997E-06
ENSMUSG00000038260.10;Trpm4;-1.534646329;5.30644E-34
ENSMUSG00000055313.15;Pgbd1;-1.535196002;0.007902295
ENSMUSG00000039981.6;Zc3h12d;-1.53571855;2.1662E-09
ENSMUSG00000025746.11;Il6;-1.537245178;0.043203318
ENSMUSG00000017057.9;Il13ra1;-1.540266456;6.8586E-122
ENSMUSG00000033233.17;Trim45;-1.542410232;2.77185E-06
ENSMUSG00000019370.10;Calm3;-1.544974078;1.5324E-107
ENSMUSG00000029121.16;Crmp1;-1.544999447;0.04168242
ENSMUSG00000037788.14;Vopp1;-1.545236518;4.10068E-66
ENSMUSG00000033450.8;Tagap;-1.548300651;1.70679E-21
ENSMUSG00000031490.6;Eif4ebp1;-1.548696116;1.69589E-38
ENSMUSG00000021234.9;Fam161b;-1.54903944;0.000381289
ENSMUSG00000019944.14;Rhobtb1;-1.549558226;6.54478E-13
ENSMUSG00000066150.12;Slc31a1;-1.550459191;2.88989E-65
ENSMUSG00000021838.17;Samd4;-1.551168198;0.003740926
ENSMUSG00000037849.8;Ifi206;-1.551542736;1.08597E-11
ENSMUSG00000096727.3;Psmb9;-1.553755168;7.551E-58
ENSMUSG00000029860.16;Zyx;-1.556290207;1.37966E-26
ENSMUSG00000052749.9;Trim30b;-1.556403309;1.14601E-21
ENSMUSG00000026921.19;Egfl7;-1.556693234;1.24436E-06
ENSMUSG00000033902.12;Mapkbp1;-1.558623449;8.96352E-72
ENSMUSG00000059089.4;Fcgr4;-1.558668528;0.00081036
ENSMUSG00000052942.13;Glis3;-1.560215951;5.74233E-44
ENSMUSG00000068250.13;Amn1;-1.568023115;1.01586E-22
ENSMUSG00000033460.14;Armcx1;-1.570212664;5.75043E-07
ENSMUSG00000048490.14;Nrip1;-1.572049332;1.84278E-29
ENSMUSG00000038412.8;Higd1a;-1.577014407;2.60702E-71
ENSMUSG00000053044.8;Cd8b1;-1.579484518;0.00266781
ENSMUSG00000015501.10;Hivep2;-1.581198524;1.34425E-25
ENSMUSG00000030086.16;Chchd6;-1.581463153;9.14476E-15
ENSMUSG00000036478.8;Btg1;-1.586498823;1.9961E-160
ENSMUSG00000015396.4;Cd83;-1.586805849;4.11495E-14
ENSMUSG00000078881.10;Gm14434;-1.591270763;0.000136651
ENSMUSG00000028300.14;C9orf72;-1.592208658;6.9344E-107
ENSMUSG00000020592.14;Sdc1;-1.596502739;2.92308E-43
ENSMUSG00000004098.7;Col5a3;-1.598673319;6.95636E-09
ENSMUSG00000063851.12;Rnf183;-1.602592774;0.019367445
ENSMUSG00000020010.7;Vnn3;-1.602871884;0.000309536
ENSMUSG00000049353.17;Rd3;-1.605237887;0.041555556
ENSMUSG00000059040.5;Eno1b;-1.605304038;0.036263979
ENSMUSG00000039115.13;Itga9;-1.605355524;4.13767E-83
ENSMUSG00000110277.2;Gm45871;-1.605955975;5.43062E-40
ENSMUSG00000015542.17;Nat9;-1.60622475;5.73273E-35
ENSMUSG00000024533.17;Spire1;-1.606388359;2.32612E-50
ENSMUSG00000047842.7;Diras2;-1.60733056;5.35418E-06
ENSMUSG00000069255.13;Dusp22;-1.607466907;4.78798E-14
ENSMUSG00000040936.15;Ulk4;-1.607579131;0.044639334
ENSMUSG00000096764.1;Slc12a6;-1.608527509;5.27564E-05
ENSMUSG00000020732.13;Rab37;-1.609598749;5.4188E-07
ENSMUSG00000062070.12;Pgk1;-1.610114268;7.7459E-183
ENSMUSG00000044250.8;Pced1b;-1.610981125;5.24574E-28
ENSMUSG00000020340.16;Cyfip2;-1.611835407;4.10094E-39
ENSMUSG00000062248.5;Cks2;-1.612131433;1.01407E-32
ENSMUSG00000035778.17;Ggta1;-1.612491887;4.1772E-100
ENSMUSG00000074109.4;Mrgprx2;-1.613919971;0.013597338
ENSMUSG00000037795.14;N4bp2;-1.613925994;3.04336E-55
ENSMUSG00000056458.16;Mok;-1.615734312;0.007474557
ENSMUSG00000037613.16;Tnfrsf23;-1.618404946;4.69644E-48
ENSMUSG00000031825.16;Crispld2;-1.619551237;0.004997746
ENSMUSG00000026463.17;Atp2b4;-1.620385285;4.23193E-34
ENSMUSG00000051029.8;Serpinb1b;-1.621886564;9.66942E-11
ENSMUSG00000030032.12;Wdr54;-1.625050422;8.69851E-06
ENSMUSG00000037820.15;Tgm2;-1.625205111;1.9113E-100
ENSMUSG00000022469.17;Rapgef3;-1.626211993;0.033302898
ENSMUSG00000037242.8;Clic4;-1.635604674;2.92117E-31
ENSMUSG00000020669.15;Sh3yl1;-1.636192025;1.45692E-08
ENSMUSG00000000594.7;Gm2a;-1.636576927;2.3306E-05
ENSMUSG00000038290.15;Smg6;-1.639895819;1.0732E-78
ENSMUSG00000020407.13;Upp1;-1.64222601;4.53103E-12
ENSMUSG00000022218.16;Tgm1;-1.646413654;9.62162E-39
ENSMUSG00000035126.19;Wdr78;-1.647103918;0.001678095
ENSMUSG00000026840.14;Lamc3;-1.647217353;0.009885417
ENSMUSG00000011751.16;Sptbn4;-1.647799581;0.036918988
ENSMUSG00000024339.12;Tap2;-1.651949132;2.16236E-95
ENSMUSG00000027347.18;Rasgrp1;-1.652112847;8.25759E-30
ENSMUSG00000045868.12;Gvin1;-1.65455411;2.86706E-79
ENSMUSG00000078606.8;Gm4070;-1.655976964;2.45258E-57
ENSMUSG00000030336.14;Cd27;-1.658144951;0.001473612
ENSMUSG00000042289.11;Hsd3b7;-1.658207762;3.30788E-43
ENSMUSG00000009654.4;Oit3;-1.658547003;7.60694E-11
ENSMUSG00000029186.12;Pi4k2b;-1.659242637;1.49779E-48
ENSMUSG00000024793.14;Tnfrsf25;-1.661879085;8.28379E-07
ENSMUSG00000029217.16;Tec;-1.66255183;2.68446E-38
ENSMUSG00000020258.16;Glyctk;-1.662610182;1.46408E-05
ENSMUSG00000002068.16;Ccne1;-1.662967269;1.36949E-17
ENSMUSG00000025912.16;Mybl1;-1.664414738;3.46943E-05
ENSMUSG00000019806.13;Aig1;-1.666291757;9.72545E-21
ENSMUSG00000019820.11;Utrn;-1.667623562;1.23992E-53
ENSMUSG00000050945.8;Zfp438;-1.668525028;1.98448E-18
ENSMUSG00000027030.15;Stk39;-1.66862321;3.9479E-07
ENSMUSG00000019966.18;Kitl;-1.669171146;9.9409E-19
ENSMUSG00000064246.10;Chil1;-1.67081213;0.034745485
ENSMUSG00000059142.16;Zfp945;-1.672798935;8.51858E-21
ENSMUSG00000003865.16;Gys1;-1.675239322;2.40533E-21
ENSMUSG00000005045.16;Chd5;-1.677010345;2.62306E-08
ENSMUSG00000074794.10;Arrdc3;-1.678389339;4.71547E-15
ENSMUSG00000026984.4;Il1f6;-1.679424344;0.000583518
ENSMUSG00000069769.13;Msi2;-1.681538211;2.46528E-41
ENSMUSG00000052485.7;Tmem171;-1.681574056;1.08935E-10
ENSMUSG00000029380.11;Cxcl1;-1.681964172;3.24375E-05
ENSMUSG00000029428.13;Stx2;-1.682816487;5.31737E-32
ENSMUSG00000031709.15;Tbc1d9;-1.683094102;2.14408E-64
ENSMUSG00000050824.12;Sstr5;-1.6832658;0.002426054
ENSMUSG00000062200.14;Vmn2r7;-1.685577046;0.001460212
ENSMUSG00000044734.16;Serpinb1a;-1.687643355;7.62326E-07
ENSMUSG00000050953.10;Gja1;-1.689381884;7.4614E-31
ENSMUSG00000050677.2;Ccdc96;-1.692535206;0.016007355
ENSMUSG00000018919.10;Tm4sf5;-1.692970805;0.002798022
ENSMUSG00000031239.5;Itm2a;-1.696795186;0.024820688
ENSMUSG00000028068.14;Iqgap3;-1.697263383;6.92106E-17
ENSMUSG00000016918.15;Sulf1;-1.698379575;0.004004889
ENSMUSG00000039157.12;Fam102a;-1.700940935;4.85482E-37
ENSMUSG00000031431.13;Tsc22d3;-1.703440513;2.63836E-37
ENSMUSG00000071068.7;Treml2;-1.704710656;1.6993E-12
ENSMUSG00000027340.15;Slc23a2;-1.705050875;1.30893E-40
ENSMUSG00000019846.11;Lama4;-1.706230828;0.031212728
ENSMUSG00000032666.16;1700025G04Rik;-1.719967888;7.29718E-06
ENSMUSG00000027002.13;Nckap1;-1.72127301;1.30085E-32
ENSMUSG00000032311.17;Nrg4;-1.722283809;4.38068E-17
ENSMUSG00000067235.14;H2-Q10;-1.724232026;3.3498E-22
ENSMUSG00000023919.7;Cenpq;-1.732359307;2.53587E-11
ENSMUSG00000030742.7;Lat;-1.734673628;7.15444E-06
ENSMUSG00000043613.8;Mmp3;-1.734754698;0.001929231
ENSMUSG00000104876.1;NA;-1.735044727;6.32856E-13
ENSMUSG00000036091.8;Hyal3;-1.736073948;0.003962504
ENSMUSG00000062380.4;Tubb3;-1.73639255;0.000123444
ENSMUSG00000047898.7;Ccr4;-1.743390047;4.7052E-07
ENSMUSG00000043953.12;Ccrl2;-1.744644203;6.1339E-108
ENSMUSG00000027075.16;Slc43a1;-1.750889016;0.00289667
ENSMUSG00000033107.6;Rnf125;-1.754259527;0.001580794
ENSMUSG00000034855.13;Cxcl10;-1.754618703;2.58594E-15
ENSMUSG00000050896.12;Rtn4rl2;-1.755114273;1.58682E-20
ENSMUSG00000028517.8;Plpp3;-1.759629016;5.42981E-60
ENSMUSG00000049488.14;Tmem67;-1.761943968;1.13274E-27
ENSMUSG00000025757.13;Hspa4l;-1.765276091;1.40217E-52
ENSMUSG00000022816.11;Fstl1;-1.765751653;1.59344E-15
ENSMUSG00000021367.8;Edn1;-1.766460525;1.38281E-07
ENSMUSG00000042851.17;Zc3h6;-1.76665695;4.68138E-14
ENSMUSG00000051146.2;Camk2n2;-1.766759621;2.98488E-07
ENSMUSG00000072437.4;Nanos1;-1.766856056;0.008075571
ENSMUSG00000007837.11;Prrg2;-1.767049387;5.18972E-43
ENSMUSG00000069792.5;Wfdc17;-1.768169597;8.92923E-60
ENSMUSG00000041957.15;Pkp2;-1.768493412;0.003696453
ENSMUSG00000005267.13;Zfp287;-1.773472592;1.56814E-36
ENSMUSG00000022126.6;Acod1;-1.775205087;1.24661E-34
ENSMUSG00000042744.16;Hectd4;-1.776448837;1.18673E-39
ENSMUSG00000050423.11;Ppp1r3g;-1.777548843;1.91605E-05
ENSMUSG00000043415.5;Otud1;-1.78022;1.46161E-25
ENSMUSG00000027438.14;Napb;-1.781516666;6.45738E-14
ENSMUSG00000025791.18;Pgm2;-1.783663149;1.92711E-44
ENSMUSG00000054619.7;Mettl7a1;-1.783687512;6.01157E-17
ENSMUSG00000035298.8;Klhl35;-1.784397301;0.033302898
ENSMUSG00000070336.3;Fbxo47;-1.784742031;0.003196523
ENSMUSG00000041609.16;Bicdl1;-1.786823251;3.84018E-17
ENSMUSG00000047067.7;Dusp28;-1.787480611;9.30342E-20
ENSMUSG00000029992.14;Gfpt1;-1.78828145;3.6123E-121
ENSMUSG00000045322.10;Tlr9;-1.792855045;2.37925E-09
ENSMUSG00000071454.13;Dtnb;-1.793315203;2.82157E-45
ENSMUSG00000041548.4;Hspb8;-1.794889518;0.012787653
ENSMUSG00000025759.11;Mfsd8;-1.795660307;1.89446E-37
ENSMUSG00000039982.8;Dtx4;-1.796066881;6.9838E-148
ENSMUSG00000025888.6;Casp1;-1.796241918;3.5931E-120
ENSMUSG00000053063.11;Clec12a;-1.798993379;6.94099E-83
ENSMUSG00000039196.2;Orm1;-1.800194507;0.021615669
ENSMUSG00000052605.12;Isoc2b;-1.802223703;6.10709E-10
ENSMUSG00000075602.10;Ly6a;-1.804766044;2.77841E-23
ENSMUSG00000043310.4;Olfr571;-1.805831214;1.39958E-10
ENSMUSG00000015468.14;Notch4;-1.809435593;5.97919E-13
ENSMUSG00000117789.1;NA;-1.810032984;0.026847712
ENSMUSG00000027333.18;Smox;-1.814651451;3.19184E-57
ENSMUSG00000005237.14;Dnah2;-1.815507012;6.33062E-13
ENSMUSG00000026012.2;Cd28;-1.816733854;1.45904E-05
ENSMUSG00000028207.18;Asph;-1.816928097;1.12794E-65
ENSMUSG00000018102.5;H2bc4;-1.820431052;1.87806E-26
ENSMUSG00000032093.7;Cd3e;-1.826730814;1.20896E-08
ENSMUSG00000073856.11;Iqck;-1.832040053;0.003549472
ENSMUSG00000049723.14;Mmp12;-1.835514625;1.90547E-24
ENSMUSG00000001156.9;Mxd1;-1.835618123;1.62679E-66
ENSMUSG00000024669.8;Cd5;-1.837916804;5.61013E-06
ENSMUSG00000027639.16;Samhd1;-1.8397044;1.7694E-110
ENSMUSG00000041945.12;Mfsd9;-1.839979175;4.31519E-35
ENSMUSG00000026628.13;Atf3;-1.848497263;8.68E-115
ENSMUSG00000075702.9;Selenom;-1.852501795;5.16364E-15
ENSMUSG00000016529.5;Il10;-1.855618205;1.04479E-10
ENSMUSG00000100679.1;NA;-1.860557229;0.01079937
ENSMUSG00000067212.8;H2-T23;-1.861128947;2.1767E-171
ENSMUSG00000032184.5;Lysmd2;-1.866110289;2.46308E-06
ENSMUSG00000061540.3;Orm2;-1.866659162;0.010445167
ENSMUSG00000047414.6;Flrt2;-1.873343698;3.73305E-59
ENSMUSG00000020325.10;Fstl3;-1.873975262;0.000117887
ENSMUSG00000024827.10;Gldc;-1.87507104;0.011182108
ENSMUSG00000047654.6;Tssk6;-1.879354152;0.004324557
ENSMUSG00000015980.14;Lrrc27;-1.881683814;3.25551E-09
ENSMUSG00000038295.14;Atg9b;-1.882289288;5.87665E-05
ENSMUSG00000025076.11;Casp7;-1.883610427;1.3517E-144
ENSMUSG00000038368.16;Focad;-1.883655227;8.23807E-31
ENSMUSG00000021196.14;Pfkp;-1.884703005;1.5755E-233
ENSMUSG00000022843.17;Clcn2;-1.887029965;7.1577E-06
ENSMUSG00000047557.2;Lxn;-1.887256262;1.31438E-35
ENSMUSG00000020614.13;Fam20a;-1.888600611;1.27153E-46
ENSMUSG00000033538.13;Casp4;-1.890535993;1.14424E-94
ENSMUSG00000038521.17;C1s1;-1.891182886;0.000307885
ENSMUSG00000044068.7;Zrsr1;-1.891346411;1.2081E-27
ENSMUSG00000018593.13;Sparc;-1.891396992;3.06699E-14
ENSMUSG00000026773.19;Pfkfb3;-1.893769613;4.96798E-61
ENSMUSG00000034271.16;Jdp2;-1.896224157;3.8072E-109
ENSMUSG00000028645.11;Slc2a1;-1.896317111;2.0375E-232
ENSMUSG00000047746.14;Fbxo40;-1.896414105;0.029229845
ENSMUSG00000018916.5;Csf2;-1.898157455;7.48146E-05
ENSMUSG00000059742.10;Kcnh7;-1.900225869;0.004148932
ENSMUSG00000020611.14;Gna13;-1.90069538;2.1765E-168
ENSMUSG00000037989.15;Wnk2;-1.904819943;5.10186E-32
ENSMUSG00000025006.18;Sorbs1;-1.908134591;1.69422E-08
ENSMUSG00000039004.6;Bmp6;-1.911952812;0.005799562
ENSMUSG00000037280.12;Galnt6;-1.913892536;2.406E-174
ENSMUSG00000006651.8;Aplp1;-1.91420938;1.87969E-37
ENSMUSG00000092534.8;NA;-1.916540574;0.025616112
ENSMUSG00000003955.8;Fam162a;-1.917457706;5.48595E-34
ENSMUSG00000021684.17;Pde8b;-1.919102582;9.72909E-15
ENSMUSG00000036854.14;Hspb6;-1.921173101;2.86849E-11
ENSMUSG00000079491.9;H2-T10;-1.922205238;1.21498E-30
ENSMUSG00000056116.18;H2-T22;-1.923587613;2.757E-183
ENSMUSG00000032064.17;Dixdc1;-1.9239619;0.003699191
ENSMUSG00000030281.16;Il17rc;-1.92531861;0.014312884
ENSMUSG00000050914.16;Ankrd37;-1.925641728;2.74366E-32
ENSMUSG00000024527.10;Afg3l2;-1.927504489;5.4956E-117
ENSMUSG00000063415.12;Cyp26b1;-1.927882747;2.56933E-05
ENSMUSG00000029819.6;Npy;-1.928769129;3.77787E-12
ENSMUSG00000030672.12;Mylpf;-1.929143429;1.36796E-08
ENSMUSG00000023175.15;Bsg;-1.929361612;5.1074E-99
ENSMUSG00000116165.1;Pdxp;-1.929474356;5.93781E-07
ENSMUSG00000024074.8;Crim1;-1.937462256;1.60613E-26
ENSMUSG00000055976.6;Cldn23;-1.938099027;0.00119889
ENSMUSG00000032231.14;Anxa2;-1.938223939;1.00912E-86
ENSMUSG00000042439.13;Zfp532;-1.938365586;6.70295E-25
ENSMUSG00000053007.9;Creb5;-1.938458248;1.8734E-151
ENSMUSG00000054342.8;Kcnn4;-1.93874404;1.11385E-97
ENSMUSG00000028337.14;Coro2a;-1.939437495;1.6309E-115
ENSMUSG00000090622.1;A930033H14Rik;-1.941207094;2.35492E-07
ENSMUSG00000048911.15;Rnf24;-1.941677398;3.30853E-34
ENSMUSG00000024399.5;Ltb;-1.943545656;6.75439E-13
ENSMUSG00000055639.16;Dach1;-1.944624839;1.17607E-25
ENSMUSG00000068417.8;Pnp2;-1.950567659;1.05391E-06
ENSMUSG00000034212.14;Ankmy1;-1.951162195;0.02260818
ENSMUSG00000025151.16;Maged1;-1.953891192;1.68667E-31
ENSMUSG00000024786.9;Majin;-1.957132358;1.92035E-11
ENSMUSG00000050578.10;Mmp13;-1.960228277;8.87352E-17
ENSMUSG00000004296.14;Il12b;-1.960362954;0.004518218
ENSMUSG00000032776.9;Mctp2;-1.960756398;3.33228E-08
ENSMUSG00000016206.6;H2-M3;-1.960951795;2.3386E-106
ENSMUSG00000037363.9;Letm2;-1.963617043;8.72322E-11
ENSMUSG00000032021.14;Crtam;-1.970661729;0.008223443
ENSMUSG00000003882.5;Il7r;-1.976400933;2.47737E-37
ENSMUSG00000045932.12;Ifit2;-1.976436936;1.10974E-05
ENSMUSG00000044646.15;Zbtb7c;-1.980639257;1.09705E-17
ENSMUSG00000032094.8;Cd3d;-1.983401129;2.93558E-10
ENSMUSG00000026586.16;Prrx1;-1.98650001;2.35867E-05
ENSMUSG00000027962.14;Vcam1;-1.988164967;0.008572518
ENSMUSG00000071724.5;Smpd5;-1.989912436;2.92776E-18
ENSMUSG00000005089.15;Slc1a2;-1.992250375;1.18475E-18
ENSMUSG00000063268.12;Parp10;-1.992461965;1.2007E-101
ENSMUSG00000022018.7;Rgcc;-1.992792157;4.10568E-34
ENSMUSG00000020334.6;Slc22a4;-2.000126953;5.39407E-84
ENSMUSG00000069874.7;Irgm2;-2.001667647;8.48423E-55
ENSMUSG00000060206.11;Zfp462;-2.003840656;0.003479851
ENSMUSG00000076867.2;NA;-2.012670746;0.000107517
ENSMUSG00000022900.14;Ildr1;-2.0127096;0.000806649
ENSMUSG00000028977.17;Casz1;-2.014674445;2.30275E-33
ENSMUSG00000018920.11;Cxcl16;-2.016222787;3.96149E-84
ENSMUSG00000038067.2;Csf3;-2.021472056;4.52874E-05
ENSMUSG00000045392.8;Olfr1033;-2.022736735;3.8793E-34
ENSMUSG00000020399.14;Havcr2;-2.025359651;1.45093E-17
ENSMUSG00000028494.12;Plin2;-2.027265752;2.92982E-57
ENSMUSG00000038058.14;Nod1;-2.027845344;2.30079E-26
ENSMUSG00000025069.15;Gsto2;-2.03028196;0.000114456
ENSMUSG00000090942.1;F830016B08Rik;-2.035361001;4.88143E-17
ENSMUSG00000025997.13;Ikzf2;-2.036448917;2.15631E-15
ENSMUSG00000095789.6;Nupr1l;-2.037465521;0.006104288
ENSMUSG00000057058.16;Skap1;-2.037733155;6.86822E-09
ENSMUSG00000060798.7;Intu;-2.040175671;7.807E-64
ENSMUSG00000060716.7;Plekhh1;-2.041614999;0.001507731
ENSMUSG00000025877.14;Hk3;-2.043617295;0
ENSMUSG00000021822.3;Plau;-2.043668265;8.4435E-102
ENSMUSG00000023951.17;Vegfa;-2.050421489;1.05396E-92
ENSMUSG00000107877.2;4933427D14Rik;-2.051498821;0.01491837
ENSMUSG00000026566.15;Mpzl1;-2.051866195;4.94483E-06
ENSMUSG00000022304.13;Dpys;-2.051941835;1.72829E-09
ENSMUSG00000043903.4;Zfp469;-2.053684099;9.0373E-40
ENSMUSG00000050860.6;Phospho1;-2.054643193;8.83797E-88
ENSMUSG00000025790.14;Slco3a1;-2.054711478;4.05741E-78
ENSMUSG00000026009.14;Icos;-2.055623048;2.11255E-29
ENSMUSG00000079334.8;Naa80;-2.061619469;4.06269E-55
ENSMUSG00000020135.13;Apc2;-2.068290997;0.003699299
ENSMUSG00000049232.3;Tigd2;-2.068416665;1.11763E-69
ENSMUSG00000038213.7;Tapbpl;-2.069482512;2.1059E-176
ENSMUSG00000024347.16;Psd2;-2.069712678;0.008647967
ENSMUSG00000070371.11;Prss36;-2.071214551;0.000272214
ENSMUSG00000096054.3;Syne1;-2.071824453;1.11984E-34
ENSMUSG00000029798.11;Herc6;-2.072446198;1.09612E-68
ENSMUSG00000079625.2;Tm4sf19;-2.07857154;6.31071E-24
ENSMUSG00000030717.9;Nupr1;-2.08240433;4.63761E-76
ENSMUSG00000040570.14;Rundc3b;-2.08955334;0.001431057
ENSMUSG00000027834.15;Serpini1;-2.091774793;2.702E-15
ENSMUSG00000022555.12;Dgat1;-2.093798318;7.00978E-79
ENSMUSG00000023911.12;Flywch2;-2.094804562;0.002863732
ENSMUSG00000082976.10;Gm15056;-2.097860703;3.50677E-12
ENSMUSG00000054720.12;Lrrc8c;-2.098303859;1.14475E-85
ENSMUSG00000014837.15;4931428F04Rik;-2.099441798;5.5353E-27
ENSMUSG00000078920.3;Ifi47;-2.100240145;7.83083E-66
ENSMUSG00000028496.17;Mllt3;-2.102699958;6.55629E-15
ENSMUSG00000000142.15;Axin2;-2.103491139;2.49478E-05
ENSMUSG00000047496.6;Rnf152;-2.106229993;0.035791738
ENSMUSG00000039238.6;Zfp750;-2.10901185;0.029577211
ENSMUSG00000006784.14;Ttc25;-2.113270429;0.014006697
ENSMUSG00000015619.10;Gata3;-2.11605381;5.20049E-05
ENSMUSG00000044716.12;Dok7;-2.116775513;0.00416729
ENSMUSG00000037172.14;E330009J07Rik;-2.117032637;2.81496E-73
ENSMUSG00000060550.16;H2-Q7;-2.124207851;2.46788E-97
ENSMUSG00000031927.9;1700012B09Rik;-2.124469;1.83675E-09
ENSMUSG00000109305.1;Smim38;-2.125651104;0.002423885
ENSMUSG00000063889.16;Crem;-2.126324742;4.51461E-64
ENSMUSG00000063506.14;Arhgap22;-2.133297161;1.1667E-13
ENSMUSG00000029207.16;Apbb2;-2.137193418;2.06475E-15
ENSMUSG00000048905.5;4930539E08Rik;-2.144714495;0.002484187
ENSMUSG00000075302.10;Erich2;-2.145522777;2.48015E-11
ENSMUSG00000028362.2;Tnfsf8;-2.145938246;1.22975E-15
ENSMUSG00000039232.12;Stx11;-2.15040857;4.1277E-70
ENSMUSG00000045065.7;NA;-2.15159599;4.64305E-07
ENSMUSG00000046879.7;Irgm1;-2.151840459;1.4396E-120
ENSMUSG00000031596.15;Slc7a2;-2.153838799;1.39212E-43
ENSMUSG00000026728.9;Vim;-2.156460837;6.5597E-194
ENSMUSG00000028195.4;Ccn1;-2.15873001;8.77119E-08
ENSMUSG00000049598.9;Vsig8;-2.159686044;2.24833E-10
ENSMUSG00000021280.9;Exoc3l4;-2.164086114;2.72483E-72
ENSMUSG00000031202.5;Rab39b;-2.16435928;0.010466214
ENSMUSG00000046610.15;Oacyl;-2.169760888;4.09028E-08
ENSMUSG00000032515.8;Csrnp1;-2.171049353;1.43815E-67
ENSMUSG00000015709.9;Arnt2;-2.173142687;3.80069E-06
ENSMUSG00000048376.6;F2r;-2.174036462;2.82597E-19
ENSMUSG00000078851.4;H2aw;-2.176031036;4.37263E-46
ENSMUSG00000026228.6;Htr2b;-2.176809832;0.029898475
ENSMUSG00000032060.10;Cryab;-2.17688776;6.49548E-08
ENSMUSG00000030616.16;Sytl2;-2.179255638;1.01815E-06
ENSMUSG00000053977.13;Cd8a;-2.180881389;1.70794E-11
ENSMUSG00000029530.16;Ccr9;-2.182087539;2.84362E-06
ENSMUSG00000039753.16;Fbxl5;-2.183073443;1.5334E-182
ENSMUSG00000029161.7;Cgref1;-2.183347886;5.77142E-10
ENSMUSG00000030641.10;Ddias;-2.187101144;7.15162E-10
ENSMUSG00000030708.14;Dnajb13;-2.18846344;6.81938E-07
ENSMUSG00000048012.19;Zfp473;-2.190946136;0.003118502
ENSMUSG00000033470.12;Cysltr2;-2.191706067;6.21333E-13
ENSMUSG00000023067.14;Cdkn1a;-2.191765219;6.5648E-144
ENSMUSG00000021123.12;Rdh12;-2.193720795;1.41694E-13
ENSMUSG00000042345.15;Ubash3a;-2.196970487;0.002159556
ENSMUSG00000027210.20;Meis2;-2.198388107;0.007054557
ENSMUSG00000020656.16;Grhl1;-2.205773369;1.22112E-08
ENSMUSG00000042842.11;Serpinb6b;-2.210188671;1.10254E-23
ENSMUSG00000030257.16;Srgap3;-2.218361333;7.99345E-40
ENSMUSG00000001281.10;Itgb7;-2.219360748;1.8934E-173
ENSMUSG00000045827.10;Serpinb9;-2.222487968;5.51282E-27
ENSMUSG00000028965.13;Tnfrsf9;-2.227835204;3.47807E-38
ENSMUSG00000047022.18;Mipol1;-2.228262334;1.13547E-05
ENSMUSG00000002033.14;Cd3g;-2.228582382;5.7248E-20
ENSMUSG00000055737.12;Ghr;-2.229484874;0.001607228
ENSMUSG00000016028.10;Celsr1;-2.235216816;1.11524E-06
ENSMUSG00000029314.14;Gpat3;-2.236901836;4.65793E-82
ENSMUSG00000030030.5;1700003E16Rik;-2.238834329;0.026393134
ENSMUSG00000023341.15;Mx2;-2.242036998;5.31794E-27
ENSMUSG00000023206.16;Il15ra;-2.245237208;3.2294E-42
ENSMUSG00000034205.16;Loxl2;-2.250146492;1.41961E-57
ENSMUSG00000040511.14;Pvr;-2.251821028;6.5326E-193
ENSMUSG00000000791.9;Il12rb1;-2.253175262;1.57729E-15
ENSMUSG00000027452.11;Acss1;-2.264152863;3.47636E-61
ENSMUSG00000026042.16;Col5a2;-2.265074746;9.92956E-22
ENSMUSG00000007033.4;Hspa1l;-2.270903383;2.32974E-16
ENSMUSG00000024486.6;Hbegf;-2.272261678;6.87939E-22
ENSMUSG00000078566.8;Bnip3;-2.277342979;1.52851E-37
ENSMUSG00000037649.10;H2-DMa;-2.277950746;7.1973E-112
ENSMUSG00000032359.14;Ctsh;-2.280909549;3.48786E-92
ENSMUSG00000000530.16;Acvrl1;-2.283390994;1.8382E-226
ENSMUSG00000043251.6;Exoc3l;-2.284894494;0.002653517
ENSMUSG00000033917.15;Gde1;-2.291476129;5.7784E-210
ENSMUSG00000068874.13;Selenbp1;-2.293777784;2.38509E-05
ENSMUSG00000022464.14;Slc38a4;-2.300892015;0.001922114
ENSMUSG00000031549.16;Ido2;-2.301879811;9.89933E-06
ENSMUSG00000038508.7;Gdf15;-2.303200684;7.40566E-50
ENSMUSG00000021831.9;Ero1l;-2.30831609;1.21539E-68
ENSMUSG00000034156.16;Tspoap1;-2.308844552;5.4908E-07
ENSMUSG00000028480.14;Glipr2;-2.309040931;3.5731E-114
ENSMUSG00000020077.14;Srgn;-2.312036915;7.2096E-108
ENSMUSG00000028602.12;Tnfrsf8;-2.317631981;7.89817E-52
ENSMUSG00000047415.12;Gpr68;-2.317699654;5.8434E-111
ENSMUSG00000064023.4;Klk8;-2.317999296;1.75815E-09
ENSMUSG00000042268.10;Slc26a9;-2.320384601;2.86412E-09
ENSMUSG00000044349.16;Snhg11;-2.32497342;8.17468E-17
ENSMUSG00000020395.13;Itk;-2.324986624;3.48699E-19
ENSMUSG00000019929.16;Dcn;-2.326922705;3.15712E-31
ENSMUSG00000026770.5;Il2ra;-2.336286702;2.95749E-43
ENSMUSG00000071716.5;Apol7e;-2.338365276;6.32367E-07
ENSMUSG00000048521.8;Cxcr6;-2.338581941;3.43769E-40
ENSMUSG00000029298.15;Gbp9;-2.34018301;1.5738E-113
ENSMUSG00000045502.6;Hcar2;-2.3407584;6.18154E-52
ENSMUSG00000076498.2;NA;-2.346105082;7.14524E-13
ENSMUSG00000032845.16;Alpk2;-2.352997625;0.000945511
ENSMUSG00000022528.8;Hes1;-2.353190623;1.23183E-15
ENSMUSG00000006403.13;Adamts4;-2.353283136;8.97876E-09
ENSMUSG00000029304.14;Spp1;-2.353700328;5.65281E-33
ENSMUSG00000039496.8;Cdnf;-2.362465743;2.44243E-05
ENSMUSG00000020439.17;Smtn;-2.366347229;4.51778E-32
ENSMUSG00000036117.2;Il5;-2.376037374;0.000300321
ENSMUSG00000090877.3;Hspa1b;-2.377186848;3.9068E-102
ENSMUSG00000036446.5;Lum;-2.380705112;2.23599E-07
ENSMUSG00000033174.17;Mgll;-2.385532367;0.000725272
ENSMUSG00000039431.16;Mtmr7;-2.38849054;1.15305E-80
ENSMUSG00000049526.8;Tmem202;-2.390186927;1.33357E-21
ENSMUSG00000091971.3;Hspa1a;-2.406345701;1.2514E-107
ENSMUSG00000037321.17;Tap1;-2.407206705;6.1428E-228
ENSMUSG00000035929.11;H2-Q4;-2.412840392;1.903E-210
ENSMUSG00000021466.12;Ptch1;-2.423686598;2.18136E-51
ENSMUSG00000078810.4;Gp6;-2.428870584;8.10905E-16
ENSMUSG00000031382.14;Asb11;-2.433727748;3.73948E-09
ENSMUSG00000053318.7;Slamf8;-2.435893113;2.75245E-94
ENSMUSG00000026107.11;Nabp1;-2.448859076;3.00874E-85
ENSMUSG00000054263.12;Lifr;-2.451777774;1.09507E-58
ENSMUSG00000071552.5;Tigit;-2.463172696;5.43403E-08
ENSMUSG00000036019.8;Tmtc2;-2.464419961;4.07507E-31
ENSMUSG00000048120.16;Entpd1;-2.46604671;4.8418E-150
ENSMUSG00000020641.16;Rsad2;-2.469674093;3.44546E-74
ENSMUSG00000038011.15;Dnah10;-2.475148464;0.005646376
ENSMUSG00000027399.1;Il1a;-2.480301103;1.4908E-07
ENSMUSG00000024670.17;Cd6;-2.482041951;3.41238E-19
ENSMUSG00000025887.10;Casp12;-2.491485593;7.40596E-10
ENSMUSG00000028434.12;Epb41l4b;-2.491521711;0.000377367
ENSMUSG00000034997.5;Htr2a;-2.498072202;5.52815E-08
ENSMUSG00000076928.5;NA;-2.500612167;2.44138E-14
ENSMUSG00000035109.14;Shc4;-2.503884191;9.32235E-06
ENSMUSG00000074634.12;Tmem267;-2.526681056;5.32339E-31
ENSMUSG00000025432.11;Avil;-2.527816518;0.002461921
ENSMUSG00000012889.8;Podnl1;-2.53030264;5.29014E-07
ENSMUSG00000040298.6;Btbd16;-2.53053717;0.000630737
ENSMUSG00000041153.9;Osgin2;-2.5308303;6.306E-120
ENSMUSG00000032011.5;Thy1;-2.536152125;1.08004E-43
ENSMUSG00000055675.6;Kbtbd11;-2.544850599;1.74753E-40
ENSMUSG00000026011.13;Ctla4;-2.554482617;2.39061E-23
ENSMUSG00000046711.16;Hmga1;-2.563536097;2.24839E-82
ENSMUSG00000028527.18;Ak4;-2.564711604;9.81075E-42
ENSMUSG00000079563.10;Pglyrp2;-2.566637582;1.57326E-05
ENSMUSG00000033029.12;1700088E04Rik;-2.568712369;0.00063995
ENSMUSG00000015850.11;Adamtsl4;-2.574299157;6.238E-142
ENSMUSG00000018899.16;Irf1;-2.575833326;2.8043E-181
ENSMUSG00000028927.6;Padi2;-2.582468105;4.6268E-100
ENSMUSG00000104713.4;Gbp6;-2.588010518;1.26548E-57
ENSMUSG00000074500.11;Zfp558;-2.591944812;2.70858E-59
ENSMUSG00000037818.16;Abhd18;-2.593365269;4.01317E-28
ENSMUSG00000043931.10;Gimap7;-2.600567746;1.57445E-20
ENSMUSG00000026070.15;Il18r1;-2.60487195;1.18295E-10
ENSMUSG00000036594.15;H2-Aa;-2.607875678;4.5815E-208
ENSMUSG00000060586.11;H2-Eb1;-2.624136721;1.2931E-129
ENSMUSG00000055493.4;Epm2a;-2.633928223;7.80519E-15
ENSMUSG00000038217.13;Tlcd2;-2.639768135;9.17272E-30
ENSMUSG00000076490.6;NA;-2.642200335;2.11348E-10
ENSMUSG00000027219.13;Slc28a2;-2.642879075;1.14726E-64
ENSMUSG00000048251.15;Bcl11b;-2.6534598;1.55746E-15
ENSMUSG00000005763.15;Cd247;-2.661585138;7.58711E-14
ENSMUSG00000052544.9;St6galnac3;-2.66283213;0.003986472
ENSMUSG00000027985.14;Lef1;-2.66627603;9.94832E-11
ENSMUSG00000021453.2;Gadd45g;-2.684606316;2.89434E-50
ENSMUSG00000025555.14;Farp1;-2.688647929;3.02392E-07
ENSMUSG00000036381.13;P2ry14;-2.699216289;5.01618E-46
ENSMUSG00000043036.13;Ccdc63;-2.707695889;8.56304E-05
ENSMUSG00000049804.9;Armcx4;-2.709533944;1.27005E-54
ENSMUSG00000039699.14;Batf2;-2.716972933;1.6017E-175
ENSMUSG00000079547.4;H2-DMb1;-2.719482073;2.8635E-133
ENSMUSG00000020689.4;Itgb3;-2.727239597;1.29996E-41
ENSMUSG00000035373.2;Ccl7;-2.732892953;1.08275E-05
ENSMUSG00000024610.15;Cd74;-2.733529265;2.7106E-246
ENSMUSG00000038128.7;Camk4;-2.733928663;8.3679E-14
ENSMUSG00000081058.5;H3c15;-2.745258437;1.09381E-09
ENSMUSG00000054892.14;Txk;-2.754479682;1.65073E-08
ENSMUSG00000021675.4;F2rl2;-2.757290253;1.11921E-05
ENSMUSG00000057969.15;Sema3b;-2.763008386;0.000284797
ENSMUSG00000000627.15;Sema4f;-2.771335949;0.001415977
ENSMUSG00000041324.14;Inhba;-2.771850333;5.57774E-32
ENSMUSG00000020072.15;Pbld2;-2.773253089;6.93723E-07
ENSMUSG00000035578.16;Iqcg;-2.773606334;8.42008E-12
ENSMUSG00000023927.15;Satb1;-2.775776643;2.04324E-34
ENSMUSG00000036181.2;H1f2;-2.783132746;9.49036E-68
ENSMUSG00000037477.8;Tbx10;-2.790630682;3.09159E-29
ENSMUSG00000001930.17;Vwf;-2.791630647;1.15474E-62
ENSMUSG00000079507.10;H2-Q1;-2.802339598;1.09723E-07
ENSMUSG00000021266.16;Wars;-2.810097876;0
ENSMUSG00000029075.6;Tnfrsf4;-2.812194697;2.90855E-20
ENSMUSG00000069307.6;Hist1h2bq;-2.81278459;0.031632127
ENSMUSG00000035105.5;Egln3;-2.816475517;9.26987E-47
ENSMUSG00000057054.11;Inca1;-2.817056541;3.31894E-08
ENSMUSG00000041831.16;Sytl3;-2.818811573;8.5779E-19
ENSMUSG00000032380.9;Dapk2;-2.819880673;1.21387E-29
ENSMUSG00000034570.12;Inpp5j;-2.820053826;8.73543E-13
ENSMUSG00000110139.1;NA;-2.825081337;3.57983E-07
ENSMUSG00000014164.15;Klhl3;-2.828806699;2.6508E-30
ENSMUSG00000044461.6;Shisa2;-2.831985233;8.56591E-07
ENSMUSG00000091898.8;Tnnc1;-2.837115133;1.04303E-09
ENSMUSG00000021253.7;Tgfb3;-2.83924804;5.49699E-10
ENSMUSG00000078897.10;Gm4724;-2.842248249;0.00837528
ENSMUSG00000070427.4;Il18bp;-2.853437303;5.2219E-194
ENSMUSG00000003032.8;Klf4;-2.864915246;2.9776E-100
ENSMUSG00000037887.11;Dusp8;-2.878011702;5.78412E-22
ENSMUSG00000040350.16;Trim7;-2.88424432;3.72712E-44
ENSMUSG00000046794.9;Ppp1r3b;-2.896828561;1.82352E-49
ENSMUSG00000017652.16;Cd40;-2.906092173;2.1592E-146
ENSMUSG00000045725.5;Prr15;-2.906357131;3.80897E-18
ENSMUSG00000055430.4;Nap1l5;-2.923871741;2.42157E-08
ENSMUSG00000024525.7;Impa2;-2.931512918;9.40887E-53
ENSMUSG00000057137.9;Tmem140;-2.933718561;9.93485E-47
ENSMUSG00000030167.15;Klrc1;-2.947372042;3.07116E-20
ENSMUSG00000044701.5;Il27;-2.953496176;1.0325E-80
ENSMUSG00000003863.18;Ppfia3;-2.956585375;4.60904E-86
ENSMUSG00000079652.8;Fam71f2;-2.96427505;3.28489E-26
ENSMUSG00000024529.14;Lox;-2.966821666;2.18155E-51
ENSMUSG00000032841.15;Prr5l;-2.987334807;4.56821E-34
ENSMUSG00000045763.8;Basp1;-3.002931537;0
ENSMUSG00000073555.1;Gm4951;-3.020014932;1.28704E-64
ENSMUSG00000048385.9;Scrt1;-3.020558326;2.80795E-14
ENSMUSG00000027171.10;Prrg4;-3.020673943;7.29031E-05
ENSMUSG00000035385.5;Ccl2;-3.02135027;2.11835E-08
ENSMUSG00000023274.14;Cd4;-3.035382558;7.40601E-36
ENSMUSG00000024402.5;Lta;-3.039054588;4.39876E-20
ENSMUSG00000045349.15;Sh2d5;-3.043866123;0.000123108
ENSMUSG00000038179.13;Slamf7;-3.045144315;1.10257E-75
ENSMUSG00000002578.18;Ikzf4;-3.047806972;1.5058E-16
ENSMUSG00000047798.15;Cd300lf;-3.047913394;1.05631E-12
ENSMUSG00000039384.8;Dusp10;-3.048010042;1.25127E-55
ENSMUSG00000061186.15;Sfmbt2;-3.048920285;3.0276E-42
ENSMUSG00000023132.8;Gzma;-3.051954809;1.42469E-20
ENSMUSG00000056671.7;Prelid2;-3.056067798;5.10196E-47
ENSMUSG00000042385.14;Gzmk;-3.064889328;1.30151E-17
ENSMUSG00000026117.10;Zap70;-3.068084193;2.12589E-35
ENSMUSG00000050395.8;Tnfsf15;-3.070261487;2.04072E-14
ENSMUSG00000041954.18;Tnfrsf18;-3.071278477;1.10363E-32
ENSMUSG00000026358.13;Rgs1;-3.073683213;1.0256E-132
ENSMUSG00000018906.14;P4ha2;-3.074366468;3.00838E-84
ENSMUSG00000064220.6;H2ac18;-3.090031022;5.56265E-30
ENSMUSG00000024043.13;Arhgap28;-3.105440295;1.9E-82
ENSMUSG00000054003.13;Tdrd9;-3.105824238;0.001374625
ENSMUSG00000043421.8;Hilpda;-3.116078976;9.21245E-90
ENSMUSG00000042797.9;Aqp11;-3.121342666;2.97203E-08
ENSMUSG00000038037.5;Socs1;-3.125396319;6.33607E-17
ENSMUSG00000068129.5;Cst7;-3.130754072;3.49996E-28
ENSMUSG00000016283.13;H2-M2;-3.131630353;7.77054E-27
ENSMUSG00000028943.18;Espn;-3.134419035;8.76815E-17
ENSMUSG00000027611.12;Procr;-3.178107509;3.32317E-47
ENSMUSG00000079523.8;Tmsb10;-3.178324434;1.9615E-270
ENSMUSG00000052415.5;Tchh;-3.181113388;3.75367E-25
ENSMUSG00000033581.17;Igf2bp2;-3.181161172;1.29765E-78
ENSMUSG00000037411.10;Serpine1;-3.18572878;2.77683E-87
ENSMUSG00000022661.14;Cd200;-3.190585922;0
ENSMUSG00000032356.12;Rasgrf1;-3.193076383;9.52454E-21
ENSMUSG00000016494.9;Cd34;-3.203860231;1.07318E-14
ENSMUSG00000000817.10;Fasl;-3.205367911;6.08115E-06
ENSMUSG00000016496.7;Cd274;-3.210062799;0
ENSMUSG00000073421.6;H2-Ab1;-3.212564989;1.5061E-255
ENSMUSG00000040253.15;Gbp7;-3.217293994;0
ENSMUSG00000025348.9;Itga7;-3.217729361;2.46267E-22
ENSMUSG00000048852.13;Gm12185;-3.229028565;1.04463E-54
ENSMUSG00000093769.4;H3c14;-3.232870817;1.8102E-53
ENSMUSG00000067599.13;Klra7;-3.246423261;0.001686438
ENSMUSG00000022504.10;Ciita;-3.257835594;2.7849E-192
ENSMUSG00000019852.7;Arfgef3;-3.262799209;1.5102E-08
ENSMUSG00000051065.9;Mb21d2;-3.264980892;7.80209E-07
ENSMUSG00000029648.13;Flt1;-3.299552544;3.84744E-14
ENSMUSG00000078853.8;Igtp;-3.305599386;0
ENSMUSG00000001444.2;Tbx21;-3.311307161;1.52687E-09
ENSMUSG00000030790.15;Adm;-3.318711635;8.13802E-48
ENSMUSG00000031626.18;Sorbs2;-3.323606657;2.89689E-06
ENSMUSG00000020599.13;Rgs9;-3.344015211;3.39921E-30
ENSMUSG00000068227.9;Il2rb;-3.355645086;1.21462E-49
ENSMUSG00000068744.12;Psrc1;-3.382535752;8.89847E-18
ENSMUSG00000023328.14;Ache;-3.386712731;2.84491E-05
ENSMUSG00000033834.7;Tpbpa;-3.3879796;1.66613E-10
ENSMUSG00000030214.7;Plbd1;-3.398512374;7.16192E-15
ENSMUSG00000026068.11;Il18rap;-3.42325393;5.97055E-57
ENSMUSG00000041757.17;Plekha6;-3.424666012;4.57041E-26
ENSMUSG00000027456.8;Sdcbp2;-3.425400713;6.99322E-18
ENSMUSG00000032487.8;Ptgs2;-3.436289944;6.20148E-24
ENSMUSG00000020646.17;Mboat2;-3.450703379;3.10027E-07
ENSMUSG00000073409.12;H2-Q6;-3.46555079;6.038E-159
ENSMUSG00000046186.8;Cd109;-3.478358114;8.48224E-61
ENSMUSG00000019997.11;Ccn2;-3.48487775;1.0478E-15
ENSMUSG00000046031.7;Calhm6;-3.493984447;2.60661E-41
ENSMUSG00000092021.8;Gbp11;-3.505821732;2.77377E-12
ENSMUSG00000045777.14;Ifitm10;-3.50933786;3.32518E-17
ENSMUSG00000031227.8;Magee1;-3.543607385;3.6113E-123
ENSMUSG00000043811.5;Rtn4r;-3.548162626;0.000253834
ENSMUSG00000004612.9;Nkg7;-3.555770665;2.70175E-26
ENSMUSG00000044017.16;Adgrd1;-3.558948433;3.01467E-06
ENSMUSG00000018341.12;Il12rb2;-3.574864735;3.17271E-43
ENSMUSG00000028268.14;Gbp3;-3.583174596;8.7037E-279
ENSMUSG00000073795.11;Spef1l;-3.589296257;4.3832E-05
ENSMUSG00000053931.11;Cnn3;-3.592079454;1.5985E-238
ENSMUSG00000002797.9;Ggct;-3.597198937;2.9368E-118
ENSMUSG00000036256.13;Igfbp7;-3.609895993;4.26526E-62
ENSMUSG00000032715.9;Trib3;-3.610621987;1.2974E-78
ENSMUSG00000059901.12;Adamts14;-3.611949663;1.97855E-08
ENSMUSG00000054598.13;9130230L23Rik;-3.61549951;2.77264E-15
ENSMUSG00000030500.6;Slc17a6;-3.618912409;0.000618206
ENSMUSG00000078616.2;Trim30c;-3.624388604;1.43146E-92
ENSMUSG00000000805.18;Car4;-3.636309598;2.04539E-05
ENSMUSG00000010051.15;Hyal1;-3.643231144;6.86334E-45
ENSMUSG00000041773.8;Enc1;-3.648966446;4.86571E-94
ENSMUSG00000037771.11;Slc32a1;-3.654461159;0.000285826
ENSMUSG00000004113.18;Cacna1b;-3.65806558;2.86661E-24
ENSMUSG00000044005.13;Gls2;-3.670759962;4.1433E-12
ENSMUSG00000019851.8;Perp;-3.705251281;1.5326E-06
ENSMUSG00000068606.6;Gm4841;-3.720263428;3.56219E-88
ENSMUSG00000024924.14;Vldlr;-3.7249506;3.84796E-14
ENSMUSG00000043727.5;F830045P16Rik;-3.743645462;2.93497E-08
ENSMUSG00000024124.10;Prss30;-3.755294397;1.52748E-06
ENSMUSG00000040280.10;Ndufa4l2;-3.766075343;4.47692E-08
ENSMUSG00000029204.7;Rhoh;-3.786332744;1.052E-204
ENSMUSG00000029452.18;Tmem116;-3.789015125;1.76594E-11
ENSMUSG00000050022.16;Amz1;-3.811954512;7.604E-111
ENSMUSG00000054057.2;A930004D18Rik;-3.81265447;6.14782E-06
ENSMUSG00000046318.16;Ccbe1;-3.830424424;5.42818E-17
ENSMUSG00000045667.14;Smtnl2;-3.831979261;0.004535325
ENSMUSG00000027579.6;Srms;-3.863058436;7.13514E-05
ENSMUSG00000020383.1;Il13;-3.914162739;2.465E-09
ENSMUSG00000096850.1;NA;-3.93602666;6.2189E-64
ENSMUSG00000064247.14;Plcxd1;-3.947389054;2.19069E-21
ENSMUSG00000009185.2;Ccl8;-4.006759118;8.59992E-13
ENSMUSG00000037161.14;Mgarp;-4.016219118;1.53782E-42
ENSMUSG00000039063.5;Echdc3;-4.02531374;4.08199E-08
ENSMUSG00000004961.7;Syt5;-4.062135052;0.000138292
ENSMUSG00000032374.14;Plod2;-4.092764753;1.924E-119
ENSMUSG00000028111.4;Ctsk;-4.111526761;2.44853E-77
ENSMUSG00000006958.14;Chrd;-4.113621923;7.37154E-06
ENSMUSG00000052565.7;H1f3;-4.117350476;2.84919E-06
ENSMUSG00000003657.9;Calb2;-4.137844607;1.11475E-21
ENSMUSG00000022408.7;Fam83f;-4.141371999;5.22159E-08
ENSMUSG00000075270.11;Pde11a;-4.171901978;0.001291118
ENSMUSG00000028654.13;Mycl;-4.179390393;1.20577E-06
ENSMUSG00000033967.4;Rnf225;-4.256911888;1.36716E-11
ENSMUSG00000021768.15;Dusp13;-4.302555593;4.38977E-27
ENSMUSG00000033576.12;Apol6;-4.311291357;0.000143173
ENSMUSG00000049109.15;Themis;-4.311888358;7.56438E-48
ENSMUSG00000003153.10;Slc2a3;-4.344052254;2.75816E-14
ENSMUSG00000063531.7;Sema3e;-4.359450131;6.2725E-05
ENSMUSG00000035042.2;Ccl5;-4.364748927;0
ENSMUSG00000033213.16;AA467197;-4.370442547;1.5369E-180
ENSMUSG00000092216.3;Gm19345;-4.384600179;7.99368E-05
ENSMUSG00000004791.7;Pgf;-4.401052262;8.08805E-19
ENSMUSG00000026249.10;Serpine2;-4.407527981;2.43008E-10
ENSMUSG00000026830.9;Ermn;-4.424041742;4.08409E-37
ENSMUSG00000054072.12;Iigp1;-4.425445002;1.3227E-127
ENSMUSG00000040328.16;Olfr56;-4.461447764;7.06263E-88
ENSMUSG00000015437.5;Gzmb;-4.468146284;3.9142E-134
ENSMUSG00000023224.12;Serping1;-4.492926028;2.31932E-22
ENSMUSG00000020427.11;Igfbp3;-4.510413381;8.27816E-09
ENSMUSG00000089997.2;NA;-4.526380797;1.85962E-05
ENSMUSG00000078921.3;Tgtp2;-4.529810134;0
ENSMUSG00000024245.4;Tmem178;-4.59725762;8.91745E-35
ENSMUSG00000031104.2;Rab33a;-4.613611675;1.21534E-15
ENSMUSG00000034472.13;Rasd2;-4.641721108;9.50588E-06
ENSMUSG00000029875.5;Ccdc184;-4.667602725;1.97539E-08
ENSMUSG00000005125.13;Ndrg1;-4.683544965;0
ENSMUSG00000055030.1;Sprr2e;-4.702001581;1.65073E-08
ENSMUSG00000009281.6;Rarres2;-4.744335254;4.31782E-11
ENSMUSG00000049511.5;Htr1b;-4.767505752;6.3786E-06
ENSMUSG00000006567.11;Atp7b;-4.774479558;1.06939E-10
ENSMUSG00000068263.11;Efcc1;-4.781939759;8.22572E-13
ENSMUSG00000037202.6;Prf1;-4.784970294;8.29339E-62
ENSMUSG00000018604.18;Tbx3;-4.814950659;0.000123417
ENSMUSG00000022425.16;Enpp2;-4.844770347;2.00186E-45
ENSMUSG00000028270.12;Gbp2;-4.858402896;0
ENSMUSG00000042828.12;Trim72;-4.871688413;1.33202E-13
ENSMUSG00000020256.14;Aldh1l2;-4.871877269;4.41679E-56
ENSMUSG00000094690.2;1600014C23Rik;-4.918273626;9.26204E-10
ENSMUSG00000044854.7;1700056E22Rik;-4.945430203;6.56856E-05
ENSMUSG00000034227.7;Foxj1;-4.999264599;1.58486E-17
ENSMUSG00000034898.17;Filip1;-5.000904626;1.29677E-18
ENSMUSG00000049971.17;Glt1d1;-5.01648367;6.9577E-05
ENSMUSG00000027718.8;Il21;-5.024464878;4.71787E-05
ENSMUSG00000105504.4;Gbp5;-5.076829156;0
ENSMUSG00000022754.6;Tmem45a;-5.079132642;2.26685E-06
ENSMUSG00000042379.8;Esm1;-5.106253573;2.95553E-05
ENSMUSG00000058420.8;Syt17;-5.17525472;3.7636E-19
ENSMUSG00000034438.16;Gbp8;-5.240583384;1.1308E-146
ENSMUSG00000031551.12;Ido1;-5.264818064;2.4893E-41
ENSMUSG00000037188.7;Grhl3;-5.321215213;1.89612E-21
ENSMUSG00000015316.11;Slamf1;-5.382035011;1.638E-124
ENSMUSG00000021565.16;Slc6a19;-5.414437786;2.38055E-95
ENSMUSG00000047562.3;Mmp10;-5.45114859;2.15623E-60
ENSMUSG00000030114.8;Klrg1;-5.454010572;2.89017E-08
ENSMUSG00000079186.3;Gzmc;-5.521301219;1.88059E-42
ENSMUSG00000078922.9;Tgtp1;-5.619443943;6.94006E-43
ENSMUSG00000034579.17;Pla2g3;-5.645106266;1.52434E-06
ENSMUSG00000036306.13;Lzts1;-5.646450517;6.66121E-05
ENSMUSG00000030406.7;Gipr;-5.682348633;5.9165E-127
ENSMUSG00000038239.11;Hrc;-5.740222898;1.02647E-06
ENSMUSG00000020826.9;Nos2;-5.876394408;6.97546E-77
ENSMUSG00000029417.9;Cxcl9;-5.924767479;2.3489E-116
ENSMUSG00000022156.8;Gzme;-5.986394058;2.70031E-07
ENSMUSG00000079362.5;NA;-6.047681226;1.45673E-10
ENSMUSG00000040284.4;Gzmg;-6.083000744;8.42555E-06
ENSMUSG00000020902.12;Ntn1;-6.110236011;1.09907E-20
ENSMUSG00000041798.15;Gck;-6.295364404;5.66374E-08
ENSMUSG00000105096.1;Gbp10;-6.320763608;2.9644E-133
ENSMUSG00000041481.17;Serpina3g;-6.345116721;9.9203E-287
ENSMUSG00000079363.7;Gbp4;-6.444428783;0
ENSMUSG00000074715.3;Ccl28;-6.496230076;1.70967E-06
ENSMUSG00000020303.2;Stc2;-6.584600411;8.29049E-09
ENSMUSG00000039865.8;Slc44a3;-6.78820831;2.23659E-06
ENSMUSG00000059256.6;Gzmd;-6.808456834;8.83524E-10
ENSMUSG00000079014.4;Serpina3i;-6.818817863;8.79375E-07
ENSMUSG00000078154.3;NA;-6.886535384;3.56966E-06
ENSMUSG00000050440.8;Hamp;-7.645093582;2.55737E-17
ENSMUSG00000021340.13;Gpld1;-7.659228719;7.62634E-09
ENSMUSG00000030806.6;Stx1b;-7.73206014;1.80318E-12
ENSMUSG00000055170.4;Ifng;-7.786892015;2.2631E-290
ENSMUSG00000022441.17;Efcab6;-7.85679393;5.73185E-10
ENSMUSG00000066363.12;Serpina3f;-7.956461514;0
ENSMUSG00000035594.10;Chrna5;-8.347430318;2.87724E-11
ENSMUSG00000023959.10;Clic5;-8.555454685;0
ENSMUSG00000035186.6;Ubd;-11.20598255;5.47303E-20